#
# There is insufficient memory for the Java Runtime Environment to continue.
# Native memory allocation (mmap) failed to map 2726297600 bytes. Error detail: G1 virtual space
# Possible reasons:
#   The system is out of physical RAM or swap space
#   This process is running with CompressedOops enabled, and the Java Heap may be blocking the growth of the native heap
# Possible solutions:
#   Reduce memory load on the system
#   Increase physical memory or swap space
#   Check if swap backing store is full
#   Decrease Java heap size (-Xmx/-Xms)
#   Decrease number of Java threads
#   Decrease Java thread stack sizes (-Xss)
#   Set larger code cache with -XX:ReservedCodeCacheSize=
#   JVM is running with Zero Based Compressed Oops mode in which the Java heap is
#     placed in the first 32GB address space. The Java Heap base address is the
#     maximum limit for the native heap growth. Please use -XX:HeapBaseMinAddress
#     to set the Java Heap base and to place the Java Heap above 32GB virtual address.
# This output file may be truncated or incomplete.
#
#  Out of Memory Error (os_windows.cpp:3713), pid=21548, tid=31600
#
# JRE version: OpenJDK Runtime Environment Zulu21.46+19-CA (21.0.9+10) (build 21.0.9+10-LTS)
# Java VM: OpenJDK 64-Bit Server VM Zulu21.46+19-CA (21.0.9+10-LTS, mixed mode, sharing, tiered, compressed oops, compressed class ptrs, g1 gc, windows-amd64)
# No core dump will be written. Minidumps are not enabled by default on client versions of Windows
#

---------------  S U M M A R Y ------------

Command Line: -Xmx12g -XX:+IgnoreUnrecognizedVMOptions --add-modules=jdk.incubator.vector --add-opens=java.base/java.lang=ALL-UNNAMED --add-opens=java.base/java.lang.invoke=ALL-UNNAMED --add-opens=java.base/java.lang.reflect=ALL-UNNAMED --add-opens=java.base/java.io=ALL-UNNAMED --add-opens=java.base/java.net=ALL-UNNAMED --add-opens=java.base/java.nio=ALL-UNNAMED --add-opens=java.base/java.util=ALL-UNNAMED --add-opens=java.base/java.util.concurrent=ALL-UNNAMED --add-opens=java.base/java.util.concurrent.atomic=ALL-UNNAMED --add-opens=java.base/jdk.internal.ref=ALL-UNNAMED --add-opens=java.base/sun.nio.ch=ALL-UNNAMED --add-opens=java.base/sun.nio.cs=ALL-UNNAMED --add-opens=java.base/sun.security.action=ALL-UNNAMED --add-opens=java.base/sun.util.calendar=ALL-UNNAMED --add-opens=java.security.jgss/sun.security.krb5=ALL-UNNAMED -Djdk.reflect.useDirectMethodHandle=false -Dio.netty.tryReflectionSetAccessible=true -Dderby.connection.requireAuthentication=false org.apache.spark.deploy.SparkSubmit --conf spark.driver.memory=12g --conf spark.app.name=SimpleAggregationAnalysis pyspark-shell

Host: AMD Ryzen 7 5800H with Radeon Graphics         , 16 cores, 15G,  Windows 11 , 64 bit Build 26100 (10.0.26100.7019)
Time: Thu Nov 20 21:31:45 2025 SE Asia Standard Time elapsed time: 48.371050 seconds (0d 0h 0m 48s)

---------------  T H R E A D  ---------------

Current thread (0x000001807eeee130):  VMThread "VM Thread"          [id=31600, stack(0x0000006bc7600000,0x0000006bc7700000) (1024K)]

Stack: [0x0000006bc7600000,0x0000006bc7700000]
Native frames: (J=compiled Java code, j=interpreted, Vv=VM code, C=native code)
V  [jvm.dll+0x7015e9]
V  [jvm.dll+0x8e6b3f]
V  [jvm.dll+0x8e8fe8]
V  [jvm.dll+0x8e9753]
V  [jvm.dll+0x29b906]
V  [jvm.dll+0x6fdcd5]
V  [jvm.dll+0x6f179a]
V  [jvm.dll+0x3789fa]
V  [jvm.dll+0x3808c6]
V  [jvm.dll+0x3d5505]
V  [jvm.dll+0x3d57c8]
V  [jvm.dll+0x34a7f3]
V  [jvm.dll+0x34a887]
V  [jvm.dll+0x39130c]
V  [jvm.dll+0x38fb22]
V  [jvm.dll+0x349f91]
V  [jvm.dll+0x38f1da]
V  [jvm.dll+0x8ef6d6]
V  [jvm.dll+0x8f0af4]
V  [jvm.dll+0x8f1040]
V  [jvm.dll+0x8f12e3]
V  [jvm.dll+0x88e176]
V  [jvm.dll+0x6ffca4]
C  [ucrtbase.dll+0x37b0]
C  [KERNEL32.DLL+0x2e8d7]
C  [ntdll.dll+0x8c53c]

VM_Operation (0x0000006bce1fdec0): G1CollectForAllocation, mode: safepoint, requested by thread 0x000001806811bf70


---------------  P R O C E S S  ---------------

Threads class SMR info:
_java_thread_list=0x000001806e267330, length=312, elements={
0x000001807077a380, 0x0000018062017660, 0x0000018062017cd0, 0x0000018062018c10,
0x0000018062019840, 0x000001806201dec0, 0x000001806201e660, 0x0000018062036910,
0x00000180620220e0, 0x0000018062263460, 0x0000018062263ad0, 0x0000018063eab220,
0x0000018063e460c0, 0x0000018064795b20, 0x0000018066319200, 0x0000018065b220b0,
0x0000018065acdb00, 0x0000018065acb3a0, 0x0000018065acc750, 0x0000018065acc0c0,
0x0000018065ace190, 0x0000018065accde0, 0x0000018065acd470, 0x0000018065acad10,
0x0000018065acba30, 0x0000018065c082d0, 0x0000018065c06890, 0x0000018065c06f20,
0x0000018065c075b0, 0x0000018065c07c40, 0x0000018065c08960, 0x0000018065c054e0,
0x0000018065c08ff0, 0x0000018065c05b70, 0x0000018065c06200, 0x0000018065c0c470,
0x0000018065c0cb00, 0x0000018065c0aa30, 0x0000018065c0b750, 0x0000018065c09680,
0x0000018065c09d10, 0x0000018065c0a3a0, 0x0000018065c0b0c0, 0x0000018065c0bde0,
0x0000018065c9a6a0, 0x0000018065c992f0, 0x0000018065c9ce00, 0x0000018065c9c770,
0x0000018065c9ad30, 0x0000018065c99980, 0x0000018065c9b3c0, 0x0000018065c9d490,
0x0000018065c9ba50, 0x0000018065c9c0e0, 0x0000018065c9a010, 0x0000018065c9eed0,
0x0000018065c9fbf0, 0x0000018065c9db20, 0x0000018065c9e1b0, 0x0000018065c9f560,
0x0000018065c9e840, 0x0000018065ca0910, 0x0000018065ca0280, 0x000001806694fe80,
0x0000018066950510, 0x000001806694d720, 0x00000180679cffa0, 0x00000180675d3d00,
0x00000180675d4a20, 0x00000180675d1c30, 0x00000180675d5dd0, 0x00000180675d6460,
0x00000180675d7ea0, 0x00000180675d6af0, 0x0000018068117dd0, 0x0000018068115d00,
0x0000018068116390, 0x0000018068117740, 0x00000180681170b0, 0x0000018068116a20,
0x0000018068118af0, 0x0000018068115670, 0x000001806811a530, 0x000001806811c600,
0x0000018068119ea0, 0x000001806811abc0, 0x000001806811b250, 0x000001806811b8e0,
0x000001806811bf70, 0x0000018068119180, 0x000001806811cc90, 0x0000018068119810,
0x000001806d8f8db0, 0x000001806d8fb510, 0x000001806d8fa7f0, 0x000001806d8fae80,
0x000001806d8f8090, 0x000001806d8f9440, 0x000001806d8f8720, 0x000001806d8fbba0,
0x000001806d8fc230, 0x000001806d8fc8c0, 0x000001806d347060, 0x000001806d8fcf50,
0x000001806de08220, 0x000001806d688620, 0x000001806df21c20, 0x000001806d6912a0,
0x000001806df814f0, 0x000001806d683250, 0x000001806d3469d0, 0x000001806d687270,
0x000001806d4b1670, 0x000001806db160f0, 0x000001806d683f70, 0x000001806d4b43a0,
0x000001806db16780, 0x000001806d4e9950, 0x000001806db16e10, 0x000001806d4b0fe0,
0x000001806fabc7c0, 0x0000018081463a50, 0x000001806d4b2ff0, 0x000001806d4b3680,
0x000001806d4b3d10, 0x000001806dcbf530, 0x000001806e3ad350, 0x000001806e3accc0,
0x000001806d4b1d00, 0x000001806df21590, 0x000001806d691930, 0x000001806d691fc0,
0x000001806eabb2b0, 0x000001806e3ad9e0, 0x000001806d4bbd50, 0x000001806e3ae070,
0x000001806d687900, 0x000001806d4bb030, 0x000001806d687f90, 0x000001806e41ff70,
0x000001806df80e60, 0x000001806d8fd5e0, 0x000001806d4e9fe0, 0x000001806fabce50,
0x000001806fabd4e0, 0x000001806e421320, 0x000001806fabdb70, 0x000001808023ada0,
0x000001806e420600, 0x000001806e420c90, 0x000001806e119a90, 0x000001806d4bc3e0,
0x000001806dcbfbc0, 0x000001806de07b90, 0x000001806de07500, 0x000001806d8ff6b0,
0x0000018080ada2d0, 0x000001806d4bb6c0, 0x0000018080ad95b0, 0x0000018080adbd10,
0x0000018080ad8890, 0x00000180814626a0, 0x000001806dcc0250, 0x000001806dcbeea0,
0x000001806e76fde0, 0x000001806f4c5760, 0x000001806f4c5df0, 0x0000018081437aa0,
0x0000018081436d80, 0x00000180801f14b0, 0x000001806e770b00, 0x000001806de06e70,
0x000001806d8fdc70, 0x000001806d8fe300, 0x0000018066a51e40, 0x0000018066a4f050,
0x0000018080c2b770, 0x000001806d684600, 0x00000180801f1b40, 0x000001806db174a0,
0x000001806f4c43b0, 0x000001806dfa2450, 0x000001806dfa1730, 0x000001806f4c4a40,
0x000001806f4c50d0, 0x000001806f4c6480, 0x000001806f4c6b10, 0x0000018080bd16f0,
0x0000018080bd3e50, 0x000001806d8ff020, 0x000001806d8fe990, 0x000001808023a080,
0x000001808023b430, 0x00000180801f2860, 0x0000018081438e50, 0x000001806eca3160,
0x000001806d9ca010, 0x0000018081436060, 0x0000018081438130, 0x00000180814366f0,
0x00000180814394e0, 0x000001808023bac0, 0x000001808023a710, 0x000001806d9c9980,
0x000001806eca1db0, 0x000001806ec9fce0, 0x000001808023c150, 0x00000180802f8a20,
0x0000018080bd3130, 0x0000018080bd1060, 0x000001806d9c8c60, 0x000001806f4c71a0,
0x0000018066a50a90, 0x0000018066a4e9c0, 0x0000018080bd2410, 0x000001806dfa10a0,
0x00000180659e2f70, 0x000001806dfa1dc0, 0x0000018080bd44e0, 0x0000018080ad8f20,
0x00000180801f21d0, 0x00000180801ef3e0, 0x0000018066a51120, 0x0000018080bd1d80,
0x0000018080bd2aa0, 0x0000018080bd37c0, 0x00000180814633c0, 0x000001806ef6a880,
0x000001806ef6bc30, 0x000001806eca0a00, 0x000001806eca2ad0, 0x000001806e856d60,
0x000001806d9c92f0, 0x0000018080e3c660, 0x000001806e8559b0, 0x00000180802f9740,
0x0000018080e3da10, 0x0000018066d417c0, 0x0000018066d41130, 0x0000018081437410,
0x0000018065eb1cd0, 0x0000018080e3e730, 0x00000180801efa70, 0x00000180801f0100,
0x000001806ef694d0, 0x0000018080c2be00, 0x0000018066a4f6e0, 0x0000018080e3e0a0,
0x00000180659e3600, 0x00000180801f0790, 0x000001808023c7e0, 0x00000180659e63f0,
0x000001806e770470, 0x000001806e76f750, 0x000001806eca1090, 0x0000018080e3edc0,
0x0000018065eb0920, 0x000001808023ce70, 0x00000180802399f0, 0x000001806e771190,
0x00000180802f9dd0, 0x000001806eca37f0, 0x000001806eca0370, 0x000001806eca3e80,
0x0000018080c2c490, 0x000001806e76dd10, 0x0000018066d3fd80, 0x000001806ef69b60,
0x000001806eca4510, 0x000001806eca4ba0, 0x00000180801f0e20, 0x000001806e11ae40,
0x000001806f8d4c40, 0x000001806f8d6d10, 0x000001806ef68e40, 0x000001806ef6a1f0,
0x0000018065eb2360, 0x0000018080ad9c40, 0x0000018080ada960, 0x0000018066d43200,
0x0000018080e3b940, 0x00000180659e5040, 0x00000180659e4320, 0x000001806d6838e0,
0x000001806fd38610, 0x000001806d4ead00, 0x0000018081fe9fd0, 0x000001806e76ea30,
0x000001806e8566d0, 0x0000018065eaeee0, 0x0000018066a4fd70, 0x0000018065eafc00,
0x000001806fd35820, 0x000001806fd38ca0, 0x0000018080c2b0e0, 0x000001806e856040,
0x00000180659e56d0, 0x0000018065eaf570, 0x0000018065eb0290, 0x000001806fd378f0,
0x0000018080adb680, 0x0000018080e3bfd0, 0x000001806eca1720, 0x000001806eca5230,
0x00000180659e49b0, 0x0000018065eb0fb0, 0x0000018080e3ccf0, 0x0000018081feb380,
0x0000018080adaff0, 0x0000018080e3d380, 0x000001806e222500, 0x000001806e11a120
}

Java Threads: ( => current thread )
  0x000001807077a380 JavaThread "main"                              [_thread_in_native, id=20940, stack(0x0000006bc6f00000,0x0000006bc7000000) (1024K)]
  0x0000018062017660 JavaThread "Reference Handler"          daemon [_thread_blocked, id=27004, stack(0x0000006bc7700000,0x0000006bc7800000) (1024K)]
  0x0000018062017cd0 JavaThread "Finalizer"                  daemon [_thread_blocked, id=26188, stack(0x0000006bc7800000,0x0000006bc7900000) (1024K)]
  0x0000018062018c10 JavaThread "Signal Dispatcher"          daemon [_thread_blocked, id=7224, stack(0x0000006bc7900000,0x0000006bc7a00000) (1024K)]
  0x0000018062019840 JavaThread "Attach Listener"            daemon [_thread_blocked, id=3292, stack(0x0000006bc7a00000,0x0000006bc7b00000) (1024K)]
  0x000001806201dec0 JavaThread "Service Thread"             daemon [_thread_blocked, id=27096, stack(0x0000006bc7b00000,0x0000006bc7c00000) (1024K)]
  0x000001806201e660 JavaThread "Monitor Deflation Thread"   daemon [_thread_blocked, id=5784, stack(0x0000006bc7c00000,0x0000006bc7d00000) (1024K)]
  0x0000018062036910 JavaThread "C2 CompilerThread0"         daemon [_thread_blocked, id=20872, stack(0x0000006bc7d00000,0x0000006bc7e00000) (1024K)]
  0x00000180620220e0 JavaThread "C1 CompilerThread0"         daemon [_thread_blocked, id=23400, stack(0x0000006bc7e00000,0x0000006bc7f00000) (1024K)]
  0x0000018062263460 JavaThread "Notification Thread"        daemon [_thread_blocked, id=24328, stack(0x0000006bc8100000,0x0000006bc8200000) (1024K)]
  0x0000018062263ad0 JavaThread "Common-Cleaner"             daemon [_thread_blocked, id=4004, stack(0x0000006bc8200000,0x0000006bc8300000) (1024K)]
  0x0000018063eab220 JavaThread "Thread-1"                          [_thread_in_native, id=14264, stack(0x0000006bc9400000,0x0000006bc9500000) (1024K)]
  0x0000018063e460c0 JavaThread "Thread-2"                          [_thread_blocked, id=30028, stack(0x0000006bc9500000,0x0000006bc9600000) (1024K)]
  0x0000018064795b20 JavaThread "Thread-3"                          [_thread_in_native, id=11936, stack(0x0000006bc9700000,0x0000006bc9800000) (1024K)]
  0x0000018066319200 JavaThread "rpc-boss-3-1"               daemon [_thread_in_native, id=30104, stack(0x0000006bc9800000,0x0000006bc9900000) (1024K)]
  0x0000018065b220b0 JavaThread "dispatcher-event-loop-0"    daemon [_thread_blocked, id=18812, stack(0x0000006bc9900000,0x0000006bc9a00000) (1024K)]
  0x0000018065acdb00 JavaThread "dispatcher-event-loop-1"    daemon [_thread_blocked, id=11644, stack(0x0000006bc9a00000,0x0000006bc9b00000) (1024K)]
  0x0000018065acb3a0 JavaThread "dispatcher-event-loop-2"    daemon [_thread_blocked, id=11688, stack(0x0000006bc9b00000,0x0000006bc9c00000) (1024K)]
  0x0000018065acc750 JavaThread "dispatcher-event-loop-3"    daemon [_thread_blocked, id=7952, stack(0x0000006bc9c00000,0x0000006bc9d00000) (1024K)]
  0x0000018065acc0c0 JavaThread "dispatcher-event-loop-4"    daemon [_thread_blocked, id=23536, stack(0x0000006bc9d00000,0x0000006bc9e00000) (1024K)]
  0x0000018065ace190 JavaThread "dispatcher-event-loop-5"    daemon [_thread_blocked, id=30860, stack(0x0000006bc9e00000,0x0000006bc9f00000) (1024K)]
  0x0000018065accde0 JavaThread "dispatcher-event-loop-6"    daemon [_thread_blocked, id=10860, stack(0x0000006bc9f00000,0x0000006bca000000) (1024K)]
  0x0000018065acd470 JavaThread "dispatcher-event-loop-7"    daemon [_thread_blocked, id=28448, stack(0x0000006bca000000,0x0000006bca100000) (1024K)]
  0x0000018065acad10 JavaThread "dispatcher-event-loop-8"    daemon [_thread_blocked, id=24136, stack(0x0000006bca100000,0x0000006bca200000) (1024K)]
  0x0000018065acba30 JavaThread "dispatcher-event-loop-9"    daemon [_thread_blocked, id=14348, stack(0x0000006bca200000,0x0000006bca300000) (1024K)]
  0x0000018065c082d0 JavaThread "dispatcher-event-loop-10"   daemon [_thread_blocked, id=30024, stack(0x0000006bca300000,0x0000006bca400000) (1024K)]
  0x0000018065c06890 JavaThread "dispatcher-event-loop-11"   daemon [_thread_blocked, id=13820, stack(0x0000006bca400000,0x0000006bca500000) (1024K)]
  0x0000018065c06f20 JavaThread "dispatcher-event-loop-12"   daemon [_thread_blocked, id=14804, stack(0x0000006bca500000,0x0000006bca600000) (1024K)]
  0x0000018065c075b0 JavaThread "dispatcher-event-loop-13"   daemon [_thread_blocked, id=23368, stack(0x0000006bca600000,0x0000006bca700000) (1024K)]
  0x0000018065c07c40 JavaThread "dispatcher-event-loop-14"   daemon [_thread_blocked, id=2204, stack(0x0000006bca700000,0x0000006bca800000) (1024K)]
  0x0000018065c08960 JavaThread "dispatcher-event-loop-15"   daemon [_thread_blocked, id=25676, stack(0x0000006bca800000,0x0000006bca900000) (1024K)]
  0x0000018065c054e0 JavaThread "map-output-dispatcher-0"    daemon [_thread_blocked, id=5636, stack(0x0000006bca900000,0x0000006bcaa00000) (1024K)]
  0x0000018065c08ff0 JavaThread "map-output-dispatcher-1"    daemon [_thread_blocked, id=9004, stack(0x0000006bcaa00000,0x0000006bcab00000) (1024K)]
  0x0000018065c05b70 JavaThread "map-output-dispatcher-2"    daemon [_thread_blocked, id=24024, stack(0x0000006bcab00000,0x0000006bcac00000) (1024K)]
  0x0000018065c06200 JavaThread "map-output-dispatcher-3"    daemon [_thread_blocked, id=25272, stack(0x0000006bcac00000,0x0000006bcad00000) (1024K)]
  0x0000018065c0c470 JavaThread "map-output-dispatcher-4"    daemon [_thread_blocked, id=8956, stack(0x0000006bcad00000,0x0000006bcae00000) (1024K)]
  0x0000018065c0cb00 JavaThread "map-output-dispatcher-5"    daemon [_thread_blocked, id=19092, stack(0x0000006bcae00000,0x0000006bcaf00000) (1024K)]
  0x0000018065c0aa30 JavaThread "map-output-dispatcher-6"    daemon [_thread_blocked, id=5848, stack(0x0000006bcaf00000,0x0000006bcb000000) (1024K)]
  0x0000018065c0b750 JavaThread "map-output-dispatcher-7"    daemon [_thread_blocked, id=9360, stack(0x0000006bcb000000,0x0000006bcb100000) (1024K)]
  0x0000018065c09680 JavaThread "dispatcher-BlockManagerMaster" daemon [_thread_blocked, id=992, stack(0x0000006bcb100000,0x0000006bcb200000) (1024K)]
  0x0000018065c09d10 JavaThread "dispatcher-BlockManagerEndpoint1" daemon [_thread_blocked, id=17912, stack(0x0000006bcb200000,0x0000006bcb300000) (1024K)]
  0x0000018065c0a3a0 JavaThread "RemoteBlock-temp-file-clean-thread" daemon [_thread_blocked, id=12420, stack(0x0000006bcb300000,0x0000006bcb400000) (1024K)]
  0x0000018065c0b0c0 JavaThread "refresh progress"           daemon [_thread_blocked, id=13948, stack(0x0000006bcb400000,0x0000006bcb500000) (1024K)]
  0x0000018065c0bde0 JavaThread "SparkUI-78"                 daemon [_thread_in_native, id=20192, stack(0x0000006bcb500000,0x0000006bcb600000) (1024K)]
  0x0000018065c9a6a0 JavaThread "SparkUI-79"                 daemon [_thread_in_native, id=26760, stack(0x0000006bcb600000,0x0000006bcb700000) (1024K)]
  0x0000018065c992f0 JavaThread "SparkUI-80"                 daemon [_thread_in_native, id=28576, stack(0x0000006bcb700000,0x0000006bcb800000) (1024K)]
  0x0000018065c9ce00 JavaThread "SparkUI-81"                 daemon [_thread_in_native, id=25196, stack(0x0000006bcb800000,0x0000006bcb900000) (1024K)]
  0x0000018065c9c770 JavaThread "SparkUI-82"                 daemon [_thread_in_native, id=27344, stack(0x0000006bcb900000,0x0000006bcba00000) (1024K)]
  0x0000018065c9ad30 JavaThread "SparkUI-83"                 daemon [_thread_in_native, id=15108, stack(0x0000006bcba00000,0x0000006bcbb00000) (1024K)]
  0x0000018065c99980 JavaThread "SparkUI-84"                 daemon [_thread_in_native, id=7440, stack(0x0000006bcbb00000,0x0000006bcbc00000) (1024K)]
  0x0000018065c9b3c0 JavaThread "SparkUI-85"                 daemon [_thread_in_native, id=16988, stack(0x0000006bcbc00000,0x0000006bcbd00000) (1024K)]
  0x0000018065c9d490 JavaThread "SparkUI-86-acceptor-0@642a8527-ServerConnector@6aed77d2{HTTP/1.1, (http/1.1)}{0.0.0.0:4042}" daemon [_thread_in_native, id=29216, stack(0x0000006bcbd00000,0x0000006bcbe00000) (1024K)]
  0x0000018065c9ba50 JavaThread "SparkUI-87-acceptor-1@32680be6-ServerConnector@6aed77d2{HTTP/1.1, (http/1.1)}{0.0.0.0:4042}" daemon [_thread_blocked, id=15016, stack(0x0000006bcbe00000,0x0000006bcbf00000) (1024K)]
  0x0000018065c9c0e0 JavaThread "dispatcher-HeartbeatReceiver" daemon [_thread_blocked, id=2660, stack(0x0000006bcbf00000,0x0000006bcc000000) (1024K)]
  0x0000018065c9a010 JavaThread "heartbeat-receiver-event-loop-thread" daemon [_thread_blocked, id=21404, stack(0x0000006bcc000000,0x0000006bcc100000) (1024K)]
  0x0000018065c9eed0 JavaThread "netty-rpc-env-timeout"      daemon [_thread_blocked, id=29724, stack(0x0000006bcc100000,0x0000006bcc200000) (1024K)]
  0x0000018065c9fbf0 JavaThread "dag-scheduler-event-loop"   daemon [_thread_blocked, id=30560, stack(0x0000006bcc200000,0x0000006bcc300000) (1024K)]
  0x0000018065c9db20 JavaThread "driver-heartbeater"         daemon [_thread_blocked, id=18152, stack(0x0000006bcc300000,0x0000006bcc400000) (1024K)]
  0x0000018065c9e1b0 JavaThread "executor-kill-mark-cleanup" daemon [_thread_blocked, id=14092, stack(0x0000006bcc400000,0x0000006bcc500000) (1024K)]
  0x0000018065c9f560 JavaThread "executor-heartbeater"       daemon [_thread_blocked, id=3000, stack(0x0000006bcc500000,0x0000006bcc600000) (1024K)]
  0x0000018065c9e840 JavaThread "shuffle-boss-6-1"           daemon [_thread_in_native, id=17152, stack(0x0000006bcc600000,0x0000006bcc700000) (1024K)]
  0x0000018065ca0910 JavaThread "Spark Context Cleaner"      daemon [_thread_blocked, id=8712, stack(0x0000006bcc700000,0x0000006bcc800000) (1024K)]
  0x0000018065ca0280 JavaThread "context-cleaner-periodic-gc" daemon [_thread_blocked, id=25752, stack(0x0000006bcc800000,0x0000006bcc900000) (1024K)]
  0x000001806694fe80 JavaThread "spark-listener-group-appStatus" daemon [_thread_blocked, id=29592, stack(0x0000006bcc900000,0x0000006bcca00000) (1024K)]
  0x0000018066950510 JavaThread "spark-listener-group-executorManagement" daemon [_thread_blocked, id=19816, stack(0x0000006bcca00000,0x0000006bccb00000) (1024K)]
  0x000001806694d720 JavaThread "element-tracking-store-worker" daemon [_thread_blocked, id=18232, stack(0x0000006bccb00000,0x0000006bccc00000) (1024K)]
  0x00000180679cffa0 JavaThread "org.apache.hadoop.fs.FileSystem$Statistics$StatisticsDataReferenceCleaner" daemon [_thread_blocked, id=10904, stack(0x0000006bc8900000,0x0000006bc8a00000) (1024K)]
  0x00000180675d3d00 JavaThread "Executor task launch worker for task 7.0 in stage 51.0 (TID 197)" daemon [_thread_blocked, id=22612, stack(0x0000006bccc00000,0x0000006bccd00000) (1024K)]
  0x00000180675d4a20 JavaThread "task-result-getter-0"       daemon [_thread_blocked, id=19032, stack(0x0000006bc8000000,0x0000006bc8100000) (1024K)]
  0x00000180675d1c30 JavaThread "Cleaner-0"                  daemon [_thread_blocked, id=30072, stack(0x0000006bc9600000,0x0000006bc9700000) (1024K)]
  0x00000180675d5dd0 JavaThread "task-result-getter-1"       daemon [_thread_blocked, id=8940, stack(0x0000006bcd200000,0x0000006bcd300000) (1024K)]
  0x00000180675d6460 JavaThread "block-manager-storage-async-thread-pool-0" daemon [_thread_blocked, id=30232, stack(0x0000006bcd300000,0x0000006bcd400000) (1024K)]
  0x00000180675d7ea0 JavaThread "block-manager-storage-async-thread-pool-1" daemon [_thread_blocked, id=18088, stack(0x0000006bcd400000,0x0000006bcd500000) (1024K)]
  0x00000180675d6af0 JavaThread "block-manager-storage-async-thread-pool-2" daemon [_thread_blocked, id=21096, stack(0x0000006bcd500000,0x0000006bcd600000) (1024K)]
  0x0000018068117dd0 JavaThread "block-manager-ask-thread-pool-0" daemon [_thread_blocked, id=14692, stack(0x0000006bcd600000,0x0000006bcd700000) (1024K)]
  0x0000018068115d00 JavaThread "block-manager-ask-thread-pool-1" daemon [_thread_blocked, id=10976, stack(0x0000006bcd700000,0x0000006bcd800000) (1024K)]
  0x0000018068116390 JavaThread "block-manager-storage-async-thread-pool-3" daemon [_thread_blocked, id=23812, stack(0x0000006bcd800000,0x0000006bcd900000) (1024K)]
  0x0000018068117740 JavaThread "block-manager-storage-async-thread-pool-4" daemon [_thread_blocked, id=11372, stack(0x0000006bcd900000,0x0000006bcda00000) (1024K)]
  0x00000180681170b0 JavaThread "block-manager-storage-async-thread-pool-5" daemon [_thread_blocked, id=27120, stack(0x0000006bcda00000,0x0000006bcdb00000) (1024K)]
  0x0000018068116a20 JavaThread "block-manager-ask-thread-pool-2" daemon [_thread_blocked, id=17284, stack(0x0000006bcdb00000,0x0000006bcdc00000) (1024K)]
  0x0000018068118af0 JavaThread "block-manager-ask-thread-pool-3" daemon [_thread_blocked, id=30148, stack(0x0000006bcdc00000,0x0000006bcdd00000) (1024K)]
  0x0000018068115670 JavaThread "task-result-getter-2"       daemon [_thread_blocked, id=3496, stack(0x0000006bcdd00000,0x0000006bcde00000) (1024K)]
  0x000001806811a530 JavaThread "block-manager-storage-async-thread-pool-6" daemon [_thread_blocked, id=13388, stack(0x0000006bccf00000,0x0000006bcd000000) (1024K)]
  0x000001806811c600 JavaThread "block-manager-storage-async-thread-pool-7" daemon [_thread_blocked, id=26856, stack(0x0000006bcd000000,0x0000006bcd100000) (1024K)]
  0x0000018068119ea0 JavaThread "block-manager-storage-async-thread-pool-8" daemon [_thread_blocked, id=7936, stack(0x0000006bcd100000,0x0000006bcd200000) (1024K)]
  0x000001806811abc0 JavaThread "block-manager-ask-thread-pool-4" daemon [_thread_blocked, id=13372, stack(0x0000006bcde00000,0x0000006bcdf00000) (1024K)]
  0x000001806811b250 JavaThread "block-manager-ask-thread-pool-5" daemon [_thread_blocked, id=5964, stack(0x0000006bcdf00000,0x0000006bce000000) (1024K)]
  0x000001806811b8e0 JavaThread "Executor task launch worker for task 5.0 in stage 51.0 (TID 195)" daemon [_thread_blocked, id=25592, stack(0x0000006bce000000,0x0000006bce100000) (1024K)]
  0x000001806811bf70 JavaThread "Executor task launch worker for task 15.0 in stage 51.0 (TID 205)" daemon [_thread_blocked, id=3252, stack(0x0000006bce100000,0x0000006bce200000) (1024K)]
  0x0000018068119180 JavaThread "Executor task launch worker for task 12.0 in stage 51.0 (TID 202)" daemon [_thread_blocked, id=30348, stack(0x0000006bce200000,0x0000006bce300000) (1024K)]
  0x000001806811cc90 JavaThread "Executor task launch worker for task 13.0 in stage 51.0 (TID 203)" daemon [_thread_blocked, id=24820, stack(0x0000006bce300000,0x0000006bce400000) (1024K)]
  0x0000018068119810 JavaThread "Executor task launch worker for task 3.0 in stage 51.0 (TID 193)" daemon [_thread_blocked, id=23408, stack(0x0000006bce400000,0x0000006bce500000) (1024K)]
  0x000001806d8f8db0 JavaThread "Executor task launch worker for task 1.0 in stage 51.0 (TID 191)" daemon [_thread_blocked, id=4772, stack(0x0000006bce500000,0x0000006bce600000) (1024K)]
  0x000001806d8fb510 JavaThread "Executor task launch worker for task 0.0 in stage 51.0 (TID 190)" daemon [_thread_blocked, id=26868, stack(0x0000006bce600000,0x0000006bce700000) (1024K)]
  0x000001806d8fa7f0 JavaThread "Executor task launch worker for task 8.0 in stage 51.0 (TID 198)" daemon [_thread_blocked, id=19980, stack(0x0000006bce700000,0x0000006bce800000) (1024K)]
  0x000001806d8fae80 JavaThread "Executor task launch worker for task 11.0 in stage 51.0 (TID 201)" daemon [_thread_blocked, id=9812, stack(0x0000006bce800000,0x0000006bce900000) (1024K)]
  0x000001806d8f8090 JavaThread "Executor task launch worker for task 14.0 in stage 51.0 (TID 204)" daemon [_thread_blocked, id=5972, stack(0x0000006bce900000,0x0000006bcea00000) (1024K)]
  0x000001806d8f9440 JavaThread "Executor task launch worker for task 10.0 in stage 51.0 (TID 200)" daemon [_thread_blocked, id=3636, stack(0x0000006bcea00000,0x0000006bceb00000) (1024K)]
  0x000001806d8f8720 JavaThread "Executor task launch worker for task 4.0 in stage 51.0 (TID 194)" daemon [_thread_blocked, id=25096, stack(0x0000006bceb00000,0x0000006bcec00000) (1024K)]
  0x000001806d8fbba0 JavaThread "Executor task launch worker for task 2.0 in stage 51.0 (TID 192)" daemon [_thread_blocked, id=14104, stack(0x0000006bcec00000,0x0000006bced00000) (1024K)]
  0x000001806d8fc230 JavaThread "Executor task launch worker for task 6.0 in stage 51.0 (TID 196)" daemon [_thread_blocked, id=12608, stack(0x0000006bced00000,0x0000006bcee00000) (1024K)]
  0x000001806d8fc8c0 JavaThread "Executor task launch worker for task 9.0 in stage 51.0 (TID 199)" daemon [_thread_blocked, id=3048, stack(0x0000006bcee00000,0x0000006bcef00000) (1024K)]
  0x000001806d347060 JavaThread "ForkJoinPool.commonPool-worker-1" daemon [_thread_blocked, id=20488, stack(0x0000006bcf400000,0x0000006bcf500000) (1024K)]
  0x000001806d8fcf50 JavaThread "ForkJoinPool.commonPool-worker-2" daemon [_thread_blocked, id=16412, stack(0x0000006bcf500000,0x0000006bcf600000) (1024K)]
  0x000001806de08220 JavaThread "ForkJoinPool.commonPool-worker-4" daemon [_thread_blocked, id=16540, stack(0x0000006bcf600000,0x0000006bcf700000) (1024K)]
  0x000001806d688620 JavaThread "ForkJoinPool.commonPool-worker-3" daemon [_thread_blocked, id=30248, stack(0x0000006bcf700000,0x0000006bcf800000) (1024K)]
  0x000001806df21c20 JavaThread "ForkJoinPool.commonPool-worker-6" daemon [_thread_blocked, id=22868, stack(0x0000006bcf800000,0x0000006bcf900000) (1024K)]
  0x000001806d6912a0 JavaThread "ForkJoinPool.commonPool-worker-5" daemon [_thread_blocked, id=11300, stack(0x0000006bcf900000,0x0000006bcfa00000) (1024K)]
  0x000001806df814f0 JavaThread "ForkJoinPool.commonPool-worker-7" daemon [_thread_blocked, id=19232, stack(0x0000006bcfa00000,0x0000006bcfb00000) (1024K)]
  0x000001806d683250 JavaThread "ForkJoinPool.commonPool-worker-8" daemon [_thread_blocked, id=2316, stack(0x0000006bcfb00000,0x0000006bcfc00000) (1024K)]
  0x000001806d3469d0 JavaThread "ForkJoinPool.commonPool-worker-9" daemon [_thread_blocked, id=19472, stack(0x0000006bcfc00000,0x0000006bcfd00000) (1024K)]
  0x000001806d687270 JavaThread "ForkJoinPool.commonPool-worker-10" daemon [_thread_blocked, id=5952, stack(0x0000006bcfd00000,0x0000006bcfe00000) (1024K)]
  0x000001806d4b1670 JavaThread "ForkJoinPool.commonPool-worker-11" daemon [_thread_blocked, id=22604, stack(0x0000006bcfe00000,0x0000006bcff00000) (1024K)]
  0x000001806db160f0 JavaThread "ForkJoinPool.commonPool-worker-12" daemon [_thread_blocked, id=5712, stack(0x0000006bcff00000,0x0000006bd0000000) (1024K)]
  0x000001806d683f70 JavaThread "ForkJoinPool.commonPool-worker-13" daemon [_thread_blocked, id=29056, stack(0x0000006bd0000000,0x0000006bd0100000) (1024K)]
  0x000001806d4b43a0 JavaThread "ForkJoinPool.commonPool-worker-14" daemon [_thread_blocked, id=11032, stack(0x0000006bd0100000,0x0000006bd0200000) (1024K)]
  0x000001806db16780 JavaThread "ForkJoinPool.commonPool-worker-15" daemon [_thread_blocked, id=18792, stack(0x0000006bd0200000,0x0000006bd0300000) (1024K)]
  0x000001806d4e9950 JavaThread "task-result-getter-3"       daemon [_thread_blocked, id=19684, stack(0x0000006bcf000000,0x0000006bcf100000) (1024K)]
  0x000001806db16e10 JavaThread "QueryStageCreator-0"        daemon [_thread_blocked, id=10076, stack(0x0000006bcf100000,0x0000006bcf200000) (1024K)]
  0x000001806d4b0fe0 JavaThread "shuffle-exchange-0"         daemon [_thread_blocked, id=23940, stack(0x0000006bcf200000,0x0000006bcf300000) (1024K)]
  0x000001806fabc7c0 JavaThread "QueryStageCreator-1"        daemon [_thread_blocked, id=5932, stack(0x0000006bcf300000,0x0000006bcf400000) (1024K)]
  0x0000018081463a50 JavaThread "ResultQueryStageExecution-0" daemon [_thread_blocked, id=18252, stack(0x0000006bd0300000,0x0000006bd0400000) (1024K)]
  0x000001806d4b2ff0 JavaThread "QueryStageCreator-2"        daemon [_thread_blocked, id=28508, stack(0x0000006bcce00000,0x0000006bccf00000) (1024K)]
  0x000001806d4b3680 JavaThread "QueryStageCreator-3"        daemon [_thread_blocked, id=21648, stack(0x0000006bd0400000,0x0000006bd0500000) (1024K)]
  0x000001806d4b3d10 JavaThread "shuffle-exchange-1"         daemon [_thread_blocked, id=528, stack(0x0000006bd0500000,0x0000006bd0600000) (1024K)]
  0x000001806dcbf530 JavaThread "block-manager-storage-async-thread-pool-9" daemon [_thread_blocked, id=28400, stack(0x0000006bd0600000,0x0000006bd0700000) (1024K)]
  0x000001806e3ad350 JavaThread "block-manager-storage-async-thread-pool-10" daemon [_thread_blocked, id=5768, stack(0x0000006bd0700000,0x0000006bd0800000) (1024K)]
  0x000001806e3accc0 JavaThread "block-manager-storage-async-thread-pool-11" daemon [_thread_blocked, id=23728, stack(0x0000006bd0800000,0x0000006bd0900000) (1024K)]
  0x000001806d4b1d00 JavaThread "block-manager-ask-thread-pool-6" daemon [_thread_blocked, id=5676, stack(0x0000006bd0a00000,0x0000006bd0b00000) (1024K)]
  0x000001806df21590 JavaThread "block-manager-ask-thread-pool-7" daemon [_thread_blocked, id=22384, stack(0x0000006bd0b00000,0x0000006bd0c00000) (1024K)]
  0x000001806d691930 JavaThread "block-manager-storage-async-thread-pool-12" daemon [_thread_blocked, id=18572, stack(0x0000006bd0c00000,0x0000006bd0d00000) (1024K)]
  0x000001806d691fc0 JavaThread "block-manager-storage-async-thread-pool-13" daemon [_thread_blocked, id=28644, stack(0x0000006bd0d00000,0x0000006bd0e00000) (1024K)]
  0x000001806eabb2b0 JavaThread "block-manager-storage-async-thread-pool-14" daemon [_thread_blocked, id=22200, stack(0x0000006bd0e00000,0x0000006bd0f00000) (1024K)]
  0x000001806e3ad9e0 JavaThread "block-manager-ask-thread-pool-8" daemon [_thread_blocked, id=27988, stack(0x0000006bd0f00000,0x0000006bd1000000) (1024K)]
  0x000001806d4bbd50 JavaThread "block-manager-ask-thread-pool-9" daemon [_thread_blocked, id=9856, stack(0x0000006bd1000000,0x0000006bd1100000) (1024K)]
  0x000001806e3ae070 JavaThread "QueryStageCreator-4"        daemon [_thread_blocked, id=10148, stack(0x0000006bcef00000,0x0000006bcf000000) (1024K)]
  0x000001806d687900 JavaThread "ResultQueryStageExecution-1" daemon [_thread_blocked, id=19272, stack(0x0000006bd0900000,0x0000006bd0a00000) (1024K)]
  0x000001806d4bb030 JavaThread "block-manager-storage-async-thread-pool-15" daemon [_thread_blocked, id=25184, stack(0x0000006bd1100000,0x0000006bd1200000) (1024K)]
  0x000001806d687f90 JavaThread "block-manager-storage-async-thread-pool-16" daemon [_thread_blocked, id=17504, stack(0x0000006bd1200000,0x0000006bd1300000) (1024K)]
  0x000001806e41ff70 JavaThread "block-manager-storage-async-thread-pool-17" daemon [_thread_blocked, id=11664, stack(0x0000006bd1300000,0x0000006bd1400000) (1024K)]
  0x000001806df80e60 JavaThread "block-manager-ask-thread-pool-10" daemon [_thread_blocked, id=25832, stack(0x0000006bd1400000,0x0000006bd1500000) (1024K)]
  0x000001806d8fd5e0 JavaThread "block-manager-ask-thread-pool-11" daemon [_thread_blocked, id=29064, stack(0x0000006bd1500000,0x0000006bd1600000) (1024K)]
  0x000001806d4e9fe0 JavaThread "block-manager-storage-async-thread-pool-18" daemon [_thread_blocked, id=7028, stack(0x0000006bd1600000,0x0000006bd1700000) (1024K)]
  0x000001806fabce50 JavaThread "block-manager-storage-async-thread-pool-19" daemon [_thread_blocked, id=14064, stack(0x0000006bd1700000,0x0000006bd1800000) (1024K)]
  0x000001806fabd4e0 JavaThread "block-manager-storage-async-thread-pool-20" daemon [_thread_blocked, id=17900, stack(0x0000006bd1800000,0x0000006bd1900000) (1024K)]
  0x000001806e421320 JavaThread "block-manager-ask-thread-pool-12" daemon [_thread_blocked, id=20084, stack(0x0000006bd1900000,0x0000006bd1a00000) (1024K)]
  0x000001806fabdb70 JavaThread "block-manager-ask-thread-pool-13" daemon [_thread_blocked, id=15840, stack(0x0000006bd1a00000,0x0000006bd1b00000) (1024K)]
  0x000001808023ada0 JavaThread "QueryStageCreator-5"        daemon [_thread_blocked, id=22228, stack(0x0000006bd1c00000,0x0000006bd1d00000) (1024K)]
  0x000001806e420600 JavaThread "QueryStageCreator-6"        daemon [_thread_blocked, id=19164, stack(0x0000006bd1e00000,0x0000006bd1f00000) (1024K)]
  0x000001806e420c90 JavaThread "shuffle-exchange-2"         daemon [_thread_blocked, id=20504, stack(0x0000006bd1f00000,0x0000006bd2000000) (1024K)]
  0x000001806e119a90 JavaThread "QueryStageCreator-7"        daemon [_thread_blocked, id=21020, stack(0x0000006bccd00000,0x0000006bcce00000) (1024K)]
  0x000001806d4bc3e0 JavaThread "ResultQueryStageExecution-2" daemon [_thread_blocked, id=11452, stack(0x0000006bd1d00000,0x0000006bd1e00000) (1024K)]
  0x000001806dcbfbc0 JavaThread "QueryStageCreator-8"        daemon [_thread_blocked, id=26520, stack(0x0000006bd2100000,0x0000006bd2200000) (1024K)]
  0x000001806de07b90 JavaThread "QueryStageCreator-9"        daemon [_thread_blocked, id=25744, stack(0x0000006bd2200000,0x0000006bd2300000) (1024K)]
  0x000001806de07500 JavaThread "shuffle-exchange-3"         daemon [_thread_blocked, id=25820, stack(0x0000006bd2300000,0x0000006bd2400000) (1024K)]
  0x000001806d8ff6b0 JavaThread "QueryStageCreator-10"       daemon [_thread_blocked, id=16856, stack(0x0000006bd2000000,0x0000006bd2100000) (1024K)]
  0x0000018080ada2d0 JavaThread "ResultQueryStageExecution-3" daemon [_thread_blocked, id=12512, stack(0x0000006bd2400000,0x0000006bd2500000) (1024K)]
  0x000001806d4bb6c0 JavaThread "QueryStageCreator-11"       daemon [_thread_blocked, id=26076, stack(0x0000006bc8800000,0x0000006bc8900000) (1024K)]
  0x0000018080ad95b0 JavaThread "QueryStageCreator-12"       daemon [_thread_blocked, id=3644, stack(0x0000006bd2500000,0x0000006bd2600000) (1024K)]
  0x0000018080adbd10 JavaThread "shuffle-exchange-4"         daemon [_thread_blocked, id=2392, stack(0x0000006bd2600000,0x0000006bd2700000) (1024K)]
  0x0000018080ad8890 JavaThread "QueryStageCreator-13"       daemon [_thread_blocked, id=23828, stack(0x0000006bd2a00000,0x0000006bd2b00000) (1024K)]
  0x00000180814626a0 JavaThread "ResultQueryStageExecution-4" daemon [_thread_blocked, id=26172, stack(0x0000006bd2b00000,0x0000006bd2c00000) (1024K)]
  0x000001806dcc0250 JavaThread "QueryStageCreator-14"       daemon [_thread_blocked, id=18340, stack(0x0000006bc8700000,0x0000006bc8800000) (1024K)]
  0x000001806dcbeea0 JavaThread "QueryStageCreator-15"       daemon [_thread_blocked, id=4328, stack(0x0000006bd1b00000,0x0000006bd1c00000) (1024K)]
  0x000001806e76fde0 JavaThread "shuffle-exchange-5"         daemon [_thread_blocked, id=19808, stack(0x0000006bd2700000,0x0000006bd2800000) (1024K)]
  0x000001806f4c5760 JavaThread "block-manager-storage-async-thread-pool-21" daemon [_thread_blocked, id=10612, stack(0x0000006bd2e00000,0x0000006bd2f00000) (1024K)]
  0x000001806f4c5df0 JavaThread "block-manager-storage-async-thread-pool-22" daemon [_thread_blocked, id=19136, stack(0x0000006bd2f00000,0x0000006bd3000000) (1024K)]
  0x0000018081437aa0 JavaThread "block-manager-storage-async-thread-pool-23" daemon [_thread_blocked, id=30708, stack(0x0000006bd3000000,0x0000006bd3100000) (1024K)]
  0x0000018081436d80 JavaThread "block-manager-storage-async-thread-pool-24" daemon [_thread_blocked, id=15320, stack(0x0000006bd3100000,0x0000006bd3200000) (1024K)]
  0x00000180801f14b0 JavaThread "block-manager-ask-thread-pool-14" daemon [_thread_blocked, id=10420, stack(0x0000006bd3200000,0x0000006bd3300000) (1024K)]
  0x000001806e770b00 JavaThread "block-manager-ask-thread-pool-15" daemon [_thread_blocked, id=10588, stack(0x0000006bd3300000,0x0000006bd3400000) (1024K)]
  0x000001806de06e70 JavaThread "block-manager-storage-async-thread-pool-25" daemon [_thread_blocked, id=26060, stack(0x0000006bd3400000,0x0000006bd3500000) (1024K)]
  0x000001806d8fdc70 JavaThread "block-manager-storage-async-thread-pool-26" daemon [_thread_blocked, id=10200, stack(0x0000006bd3500000,0x0000006bd3600000) (1024K)]
  0x000001806d8fe300 JavaThread "block-manager-storage-async-thread-pool-27" daemon [_thread_blocked, id=15364, stack(0x0000006bd3600000,0x0000006bd3700000) (1024K)]
  0x0000018066a51e40 JavaThread "block-manager-storage-async-thread-pool-28" daemon [_thread_blocked, id=10124, stack(0x0000006bd3700000,0x0000006bd3800000) (1024K)]
  0x0000018066a4f050 JavaThread "block-manager-storage-async-thread-pool-29" daemon [_thread_blocked, id=28392, stack(0x0000006bd3800000,0x0000006bd3900000) (1024K)]
  0x0000018080c2b770 JavaThread "block-manager-ask-thread-pool-16" daemon [_thread_blocked, id=23120, stack(0x0000006bd3900000,0x0000006bd3a00000) (1024K)]
  0x000001806d684600 JavaThread "block-manager-ask-thread-pool-17" daemon [_thread_blocked, id=27784, stack(0x0000006bd3a00000,0x0000006bd3b00000) (1024K)]
  0x00000180801f1b40 JavaThread "block-manager-ask-thread-pool-18" daemon [_thread_blocked, id=6024, stack(0x0000006bd3b00000,0x0000006bd3c00000) (1024K)]
  0x000001806db174a0 JavaThread "block-manager-ask-thread-pool-19" daemon [_thread_blocked, id=17892, stack(0x0000006bd3c00000,0x0000006bd3d00000) (1024K)]
  0x000001806f4c43b0 JavaThread "block-manager-storage-async-thread-pool-30" daemon [_thread_blocked, id=31484, stack(0x0000006bd3d00000,0x0000006bd3e00000) (1024K)]
  0x000001806dfa2450 JavaThread "block-manager-storage-async-thread-pool-31" daemon [_thread_blocked, id=30260, stack(0x0000006bd3e00000,0x0000006bd3f00000) (1024K)]
  0x000001806dfa1730 JavaThread "block-manager-storage-async-thread-pool-32" daemon [_thread_blocked, id=24500, stack(0x0000006bd3f00000,0x0000006bd4000000) (1024K)]
  0x000001806f4c4a40 JavaThread "block-manager-ask-thread-pool-20" daemon [_thread_blocked, id=21964, stack(0x0000006bd4000000,0x0000006bd4100000) (1024K)]
  0x000001806f4c50d0 JavaThread "block-manager-ask-thread-pool-21" daemon [_thread_blocked, id=4644, stack(0x0000006bd4100000,0x0000006bd4200000) (1024K)]
  0x000001806f4c6480 JavaThread "block-manager-storage-async-thread-pool-33" daemon [_thread_blocked, id=27532, stack(0x0000006bd4200000,0x0000006bd4300000) (1024K)]
  0x000001806f4c6b10 JavaThread "block-manager-storage-async-thread-pool-34" daemon [_thread_blocked, id=15976, stack(0x0000006bd4300000,0x0000006bd4400000) (1024K)]
  0x0000018080bd16f0 JavaThread "block-manager-storage-async-thread-pool-35" daemon [_thread_blocked, id=23968, stack(0x0000006bd4400000,0x0000006bd4500000) (1024K)]
  0x0000018080bd3e50 JavaThread "block-manager-storage-async-thread-pool-36" daemon [_thread_blocked, id=13440, stack(0x0000006bd4500000,0x0000006bd4600000) (1024K)]
  0x000001806d8ff020 JavaThread "block-manager-ask-thread-pool-22" daemon [_thread_blocked, id=10792, stack(0x0000006bd4600000,0x0000006bd4700000) (1024K)]
  0x000001806d8fe990 JavaThread "block-manager-ask-thread-pool-23" daemon [_thread_blocked, id=12644, stack(0x0000006bd4700000,0x0000006bd4800000) (1024K)]
  0x000001808023a080 JavaThread "block-manager-storage-async-thread-pool-37" daemon [_thread_blocked, id=28248, stack(0x0000006bd4800000,0x0000006bd4900000) (1024K)]
  0x000001808023b430 JavaThread "block-manager-storage-async-thread-pool-38" daemon [_thread_blocked, id=10360, stack(0x0000006bd4900000,0x0000006bd4a00000) (1024K)]
  0x00000180801f2860 JavaThread "block-manager-storage-async-thread-pool-39" daemon [_thread_blocked, id=4320, stack(0x0000006bd4a00000,0x0000006bd4b00000) (1024K)]
  0x0000018081438e50 JavaThread "block-manager-ask-thread-pool-24" daemon [_thread_blocked, id=24984, stack(0x0000006bd4b00000,0x0000006bd4c00000) (1024K)]
  0x000001806eca3160 JavaThread "block-manager-ask-thread-pool-25" daemon [_thread_blocked, id=26400, stack(0x0000006bd4c00000,0x0000006bd4d00000) (1024K)]
  0x000001806d9ca010 JavaThread "block-manager-storage-async-thread-pool-40" daemon [_thread_blocked, id=1296, stack(0x0000006bd4d00000,0x0000006bd4e00000) (1024K)]
  0x0000018081436060 JavaThread "block-manager-storage-async-thread-pool-41" daemon [_thread_blocked, id=2596, stack(0x0000006bd4e00000,0x0000006bd4f00000) (1024K)]
  0x0000018081438130 JavaThread "block-manager-storage-async-thread-pool-42" daemon [_thread_blocked, id=5660, stack(0x0000006bd4f00000,0x0000006bd5000000) (1024K)]
  0x00000180814366f0 JavaThread "block-manager-storage-async-thread-pool-43" daemon [_thread_blocked, id=30984, stack(0x0000006bd5000000,0x0000006bd5100000) (1024K)]
  0x00000180814394e0 JavaThread "block-manager-storage-async-thread-pool-44" daemon [_thread_blocked, id=8804, stack(0x0000006bd5100000,0x0000006bd5200000) (1024K)]
  0x000001808023bac0 JavaThread "block-manager-ask-thread-pool-26" daemon [_thread_blocked, id=19208, stack(0x0000006bd5200000,0x0000006bd5300000) (1024K)]
  0x000001808023a710 JavaThread "block-manager-ask-thread-pool-27" daemon [_thread_blocked, id=3812, stack(0x0000006bd5300000,0x0000006bd5400000) (1024K)]
  0x000001806d9c9980 JavaThread "block-manager-storage-async-thread-pool-45" daemon [_thread_blocked, id=31104, stack(0x0000006bd5400000,0x0000006bd5500000) (1024K)]
  0x000001806eca1db0 JavaThread "block-manager-storage-async-thread-pool-46" daemon [_thread_blocked, id=15164, stack(0x0000006bd5500000,0x0000006bd5600000) (1024K)]
  0x000001806ec9fce0 JavaThread "block-manager-storage-async-thread-pool-47" daemon [_thread_blocked, id=2488, stack(0x0000006bd5600000,0x0000006bd5700000) (1024K)]
  0x000001808023c150 JavaThread "block-manager-ask-thread-pool-28" daemon [_thread_blocked, id=26160, stack(0x0000006bd5700000,0x0000006bd5800000) (1024K)]
  0x00000180802f8a20 JavaThread "block-manager-ask-thread-pool-29" daemon [_thread_blocked, id=29744, stack(0x0000006bd5800000,0x0000006bd5900000) (1024K)]
  0x0000018080bd3130 JavaThread "block-manager-storage-async-thread-pool-48" daemon [_thread_blocked, id=2760, stack(0x0000006bd5900000,0x0000006bd5a00000) (1024K)]
  0x0000018080bd1060 JavaThread "block-manager-storage-async-thread-pool-49" daemon [_thread_blocked, id=15044, stack(0x0000006bd5a00000,0x0000006bd5b00000) (1024K)]
  0x000001806d9c8c60 JavaThread "block-manager-ask-thread-pool-30" daemon [_thread_blocked, id=15028, stack(0x0000006bd5b00000,0x0000006bd5c00000) (1024K)]
  0x000001806f4c71a0 JavaThread "block-manager-ask-thread-pool-31" daemon [_thread_blocked, id=27192, stack(0x0000006bd5c00000,0x0000006bd5d00000) (1024K)]
  0x0000018066a50a90 JavaThread "block-manager-storage-async-thread-pool-50" daemon [_thread_blocked, id=26028, stack(0x0000006bd5d00000,0x0000006bd5e00000) (1024K)]
  0x0000018066a4e9c0 JavaThread "block-manager-storage-async-thread-pool-51" daemon [_thread_blocked, id=20748, stack(0x0000006bd5e00000,0x0000006bd5f00000) (1024K)]
  0x0000018080bd2410 JavaThread "block-manager-ask-thread-pool-32" daemon [_thread_blocked, id=1964, stack(0x0000006bd5f00000,0x0000006bd6000000) (1024K)]
  0x000001806dfa10a0 JavaThread "block-manager-storage-async-thread-pool-52" daemon [_thread_blocked, id=4124, stack(0x0000006bd6000000,0x0000006bd6100000) (1024K)]
  0x00000180659e2f70 JavaThread "block-manager-ask-thread-pool-33" daemon [_thread_blocked, id=29856, stack(0x0000006bd6100000,0x0000006bd6200000) (1024K)]
  0x000001806dfa1dc0 JavaThread "block-manager-storage-async-thread-pool-53" daemon [_thread_blocked, id=21752, stack(0x0000006bd6200000,0x0000006bd6300000) (1024K)]
  0x0000018080bd44e0 JavaThread "block-manager-ask-thread-pool-34" daemon [_thread_blocked, id=30044, stack(0x0000006bd6300000,0x0000006bd6400000) (1024K)]
  0x0000018080ad8f20 JavaThread "block-manager-ask-thread-pool-35" daemon [_thread_blocked, id=10212, stack(0x0000006bd6400000,0x0000006bd6500000) (1024K)]
  0x00000180801f21d0 JavaThread "shuffle-exchange-6"         daemon [_thread_blocked, id=28784, stack(0x0000006bd6500000,0x0000006bd6600000) (1024K)]
  0x00000180801ef3e0 JavaThread "ResultQueryStageExecution-5" daemon [_thread_blocked, id=28484, stack(0x0000006bd6700000,0x0000006bd6800000) (1024K)]
  0x0000018066a51120 JavaThread "shuffle-exchange-7"         daemon [_thread_blocked, id=19436, stack(0x0000006bd6600000,0x0000006bd6700000) (1024K)]
  0x0000018080bd1d80 JavaThread "shuffle-exchange-8"         daemon [_thread_blocked, id=23780, stack(0x0000006bd6900000,0x0000006bd6a00000) (1024K)]
  0x0000018080bd2aa0 JavaThread "ResultQueryStageExecution-6" daemon [_thread_blocked, id=9144, stack(0x0000006bd6a00000,0x0000006bd6b00000) (1024K)]
  0x0000018080bd37c0 JavaThread "shuffle-exchange-9"         daemon [_thread_blocked, id=9656, stack(0x0000006bd2d00000,0x0000006bd2e00000) (1024K)]
  0x00000180814633c0 JavaThread "block-manager-storage-async-thread-pool-54" daemon [_thread_blocked, id=2496, stack(0x0000006bd6e00000,0x0000006bd6f00000) (1024K)]
  0x000001806ef6a880 JavaThread "block-manager-storage-async-thread-pool-55" daemon [_thread_blocked, id=5980, stack(0x0000006bd6f00000,0x0000006bd7000000) (1024K)]
  0x000001806ef6bc30 JavaThread "block-manager-storage-async-thread-pool-56" daemon [_thread_blocked, id=4916, stack(0x0000006bd7000000,0x0000006bd7100000) (1024K)]
  0x000001806eca0a00 JavaThread "block-manager-ask-thread-pool-36" daemon [_thread_blocked, id=11428, stack(0x0000006bd7100000,0x0000006bd7200000) (1024K)]
  0x000001806eca2ad0 JavaThread "block-manager-ask-thread-pool-37" daemon [_thread_blocked, id=16624, stack(0x0000006bd7200000,0x0000006bd7300000) (1024K)]
  0x000001806e856d60 JavaThread "block-manager-storage-async-thread-pool-57" daemon [_thread_blocked, id=16308, stack(0x0000006bd7300000,0x0000006bd7400000) (1024K)]
  0x000001806d9c92f0 JavaThread "block-manager-storage-async-thread-pool-58" daemon [_thread_blocked, id=18484, stack(0x0000006bd7400000,0x0000006bd7500000) (1024K)]
  0x0000018080e3c660 JavaThread "block-manager-storage-async-thread-pool-59" daemon [_thread_blocked, id=31096, stack(0x0000006bd7500000,0x0000006bd7600000) (1024K)]
  0x000001806e8559b0 JavaThread "block-manager-ask-thread-pool-38" daemon [_thread_blocked, id=21144, stack(0x0000006bd7600000,0x0000006bd7700000) (1024K)]
  0x00000180802f9740 JavaThread "block-manager-ask-thread-pool-39" daemon [_thread_blocked, id=19340, stack(0x0000006bd7700000,0x0000006bd7800000) (1024K)]
  0x0000018080e3da10 JavaThread "block-manager-storage-async-thread-pool-60" daemon [_thread_blocked, id=30372, stack(0x0000006bd7800000,0x0000006bd7900000) (1024K)]
  0x0000018066d417c0 JavaThread "block-manager-storage-async-thread-pool-61" daemon [_thread_blocked, id=8172, stack(0x0000006bd7900000,0x0000006bd7a00000) (1024K)]
  0x0000018066d41130 JavaThread "block-manager-storage-async-thread-pool-62" daemon [_thread_blocked, id=29752, stack(0x0000006bd7a00000,0x0000006bd7b00000) (1024K)]
  0x0000018081437410 JavaThread "block-manager-ask-thread-pool-40" daemon [_thread_blocked, id=16128, stack(0x0000006bd7b00000,0x0000006bd7c00000) (1024K)]
  0x0000018065eb1cd0 JavaThread "block-manager-ask-thread-pool-41" daemon [_thread_blocked, id=16948, stack(0x0000006bd7c00000,0x0000006bd7d00000) (1024K)]
  0x0000018080e3e730 JavaThread "block-manager-storage-async-thread-pool-63" daemon [_thread_blocked, id=4596, stack(0x0000006bd7d00000,0x0000006bd7e00000) (1024K)]
  0x00000180801efa70 JavaThread "block-manager-storage-async-thread-pool-64" daemon [_thread_blocked, id=10112, stack(0x0000006bd7e00000,0x0000006bd7f00000) (1024K)]
  0x00000180801f0100 JavaThread "block-manager-storage-async-thread-pool-65" daemon [_thread_blocked, id=2572, stack(0x0000006bd7f00000,0x0000006bd8000000) (1024K)]
  0x000001806ef694d0 JavaThread "block-manager-ask-thread-pool-42" daemon [_thread_blocked, id=10912, stack(0x0000006bd8000000,0x0000006bd8100000) (1024K)]
  0x0000018080c2be00 JavaThread "block-manager-ask-thread-pool-43" daemon [_thread_blocked, id=12860, stack(0x0000006bd8100000,0x0000006bd8200000) (1024K)]
  0x0000018066a4f6e0 JavaThread "block-manager-storage-async-thread-pool-66" daemon [_thread_blocked, id=15616, stack(0x0000006bd8200000,0x0000006bd8300000) (1024K)]
  0x0000018080e3e0a0 JavaThread "block-manager-storage-async-thread-pool-67" daemon [_thread_blocked, id=18312, stack(0x0000006bd6b00000,0x0000006bd6c00000) (1024K)]
  0x00000180659e3600 JavaThread "block-manager-storage-async-thread-pool-68" daemon [_thread_blocked, id=25648, stack(0x0000006bd8300000,0x0000006bd8400000) (1024K)]
  0x00000180801f0790 JavaThread "block-manager-ask-thread-pool-44" daemon [_thread_blocked, id=28692, stack(0x0000006bd8400000,0x0000006bd8500000) (1024K)]
  0x000001808023c7e0 JavaThread "block-manager-ask-thread-pool-45" daemon [_thread_blocked, id=11420, stack(0x0000006bd8500000,0x0000006bd8600000) (1024K)]
  0x00000180659e63f0 JavaThread "block-manager-storage-async-thread-pool-69" daemon [_thread_blocked, id=26588, stack(0x0000006bd8600000,0x0000006bd8700000) (1024K)]
  0x000001806e770470 JavaThread "block-manager-storage-async-thread-pool-70" daemon [_thread_blocked, id=2868, stack(0x0000006bd6800000,0x0000006bd6900000) (1024K)]
  0x000001806e76f750 JavaThread "block-manager-storage-async-thread-pool-71" daemon [_thread_blocked, id=2936, stack(0x0000006bd8700000,0x0000006bd8800000) (1024K)]
  0x000001806eca1090 JavaThread "block-manager-ask-thread-pool-46" daemon [_thread_blocked, id=1572, stack(0x0000006bd8800000,0x0000006bd8900000) (1024K)]
  0x0000018080e3edc0 JavaThread "block-manager-ask-thread-pool-47" daemon [_thread_blocked, id=14888, stack(0x0000006bd8900000,0x0000006bd8a00000) (1024K)]
  0x0000018065eb0920 JavaThread "block-manager-storage-async-thread-pool-72" daemon [_thread_blocked, id=22608, stack(0x0000006bd8a00000,0x0000006bd8b00000) (1024K)]
  0x000001808023ce70 JavaThread "block-manager-storage-async-thread-pool-73" daemon [_thread_blocked, id=27208, stack(0x0000006bd8b00000,0x0000006bd8c00000) (1024K)]
  0x00000180802399f0 JavaThread "block-manager-storage-async-thread-pool-74" daemon [_thread_blocked, id=14120, stack(0x0000006bd8c00000,0x0000006bd8d00000) (1024K)]
  0x000001806e771190 JavaThread "block-manager-ask-thread-pool-48" daemon [_thread_blocked, id=19280, stack(0x0000006bd8d00000,0x0000006bd8e00000) (1024K)]
  0x00000180802f9dd0 JavaThread "block-manager-ask-thread-pool-49" daemon [_thread_blocked, id=13348, stack(0x0000006bd8e00000,0x0000006bd8f00000) (1024K)]
  0x000001806eca37f0 JavaThread "block-manager-storage-async-thread-pool-75" daemon [_thread_blocked, id=12036, stack(0x0000006bd8f00000,0x0000006bd9000000) (1024K)]
  0x000001806eca0370 JavaThread "block-manager-storage-async-thread-pool-76" daemon [_thread_blocked, id=17664, stack(0x0000006bd9000000,0x0000006bd9100000) (1024K)]
  0x000001806eca3e80 JavaThread "block-manager-storage-async-thread-pool-77" daemon [_thread_blocked, id=25504, stack(0x0000006bd9100000,0x0000006bd9200000) (1024K)]
  0x0000018080c2c490 JavaThread "block-manager-ask-thread-pool-50" daemon [_thread_blocked, id=9636, stack(0x0000006bd9200000,0x0000006bd9300000) (1024K)]
  0x000001806e76dd10 JavaThread "block-manager-ask-thread-pool-51" daemon [_thread_blocked, id=28008, stack(0x0000006bd9300000,0x0000006bd9400000) (1024K)]
  0x0000018066d3fd80 JavaThread "shuffle-exchange-10"        daemon [_thread_blocked, id=31088, stack(0x0000006bd2c00000,0x0000006bd2d00000) (1024K)]
  0x000001806ef69b60 JavaThread "block-manager-storage-async-thread-pool-78" daemon [_thread_blocked, id=19124, stack(0x0000006bd9400000,0x0000006bd9500000) (1024K)]
  0x000001806eca4510 JavaThread "block-manager-storage-async-thread-pool-79" daemon [_thread_blocked, id=10296, stack(0x0000006bd9500000,0x0000006bd9600000) (1024K)]
  0x000001806eca4ba0 JavaThread "block-manager-storage-async-thread-pool-80" daemon [_thread_blocked, id=1852, stack(0x0000006bd9600000,0x0000006bd9700000) (1024K)]
  0x00000180801f0e20 JavaThread "block-manager-ask-thread-pool-52" daemon [_thread_blocked, id=18292, stack(0x0000006bd9700000,0x0000006bd9800000) (1024K)]
  0x000001806e11ae40 JavaThread "block-manager-ask-thread-pool-53" daemon [_thread_blocked, id=25156, stack(0x0000006bd9800000,0x0000006bd9900000) (1024K)]
  0x000001806f8d4c40 JavaThread "ResultQueryStageExecution-7" daemon [_thread_blocked, id=26396, stack(0x0000006bd9900000,0x0000006bd9a00000) (1024K)]
  0x000001806f8d6d10 JavaThread "shuffle-exchange-11"        daemon [_thread_blocked, id=18996, stack(0x0000006bd9b00000,0x0000006bd9c00000) (1024K)]
  0x000001806ef68e40 JavaThread "shuffle-exchange-12"        daemon [_thread_blocked, id=18804, stack(0x0000006bd9d00000,0x0000006bd9e00000) (1024K)]
  0x000001806ef6a1f0 JavaThread "ResultQueryStageExecution-8" daemon [_thread_blocked, id=22356, stack(0x0000006bd9a00000,0x0000006bd9b00000) (1024K)]
  0x0000018065eb2360 JavaThread "block-manager-storage-async-thread-pool-81" daemon [_thread_blocked, id=13004, stack(0x0000006bd9f00000,0x0000006bda000000) (1024K)]
  0x0000018080ad9c40 JavaThread "block-manager-storage-async-thread-pool-82" daemon [_thread_blocked, id=12872, stack(0x0000006bda000000,0x0000006bda100000) (1024K)]
  0x0000018080ada960 JavaThread "block-manager-storage-async-thread-pool-83" daemon [_thread_blocked, id=14812, stack(0x0000006bda100000,0x0000006bda200000) (1024K)]
  0x0000018066d43200 JavaThread "block-manager-ask-thread-pool-54" daemon [_thread_blocked, id=11908, stack(0x0000006bda200000,0x0000006bda300000) (1024K)]
  0x0000018080e3b940 JavaThread "block-manager-ask-thread-pool-55" daemon [_thread_blocked, id=17260, stack(0x0000006bda300000,0x0000006bda400000) (1024K)]
  0x00000180659e5040 JavaThread "block-manager-storage-async-thread-pool-84" daemon [_thread_blocked, id=18188, stack(0x0000006bda400000,0x0000006bda500000) (1024K)]
  0x00000180659e4320 JavaThread "block-manager-storage-async-thread-pool-85" daemon [_thread_blocked, id=28980, stack(0x0000006bda500000,0x0000006bda600000) (1024K)]
  0x000001806d6838e0 JavaThread "block-manager-storage-async-thread-pool-86" daemon [_thread_blocked, id=30380, stack(0x0000006bda600000,0x0000006bda700000) (1024K)]
  0x000001806fd38610 JavaThread "block-manager-storage-async-thread-pool-87" daemon [_thread_blocked, id=16316, stack(0x0000006bda700000,0x0000006bda800000) (1024K)]
  0x000001806d4ead00 JavaThread "block-manager-storage-async-thread-pool-88" daemon [_thread_blocked, id=21180, stack(0x0000006bda800000,0x0000006bda900000) (1024K)]
  0x0000018081fe9fd0 JavaThread "block-manager-storage-async-thread-pool-89" daemon [_thread_blocked, id=18000, stack(0x0000006bda900000,0x0000006bdaa00000) (1024K)]
  0x000001806e76ea30 JavaThread "block-manager-ask-thread-pool-56" daemon [_thread_blocked, id=31060, stack(0x0000006bdaa00000,0x0000006bdab00000) (1024K)]
  0x000001806e8566d0 JavaThread "block-manager-ask-thread-pool-57" daemon [_thread_blocked, id=6984, stack(0x0000006bdab00000,0x0000006bdac00000) (1024K)]
  0x0000018065eaeee0 JavaThread "block-manager-ask-thread-pool-58" daemon [_thread_blocked, id=14132, stack(0x0000006bdac00000,0x0000006bdad00000) (1024K)]
  0x0000018066a4fd70 JavaThread "block-manager-storage-async-thread-pool-90" daemon [_thread_blocked, id=9984, stack(0x0000006bdad00000,0x0000006bdae00000) (1024K)]
  0x0000018065eafc00 JavaThread "block-manager-ask-thread-pool-59" daemon [_thread_blocked, id=21084, stack(0x0000006bdae00000,0x0000006bdaf00000) (1024K)]
  0x000001806fd35820 JavaThread "block-manager-storage-async-thread-pool-91" daemon [_thread_blocked, id=25104, stack(0x0000006bdaf00000,0x0000006bdb000000) (1024K)]
  0x000001806fd38ca0 JavaThread "block-manager-storage-async-thread-pool-92" daemon [_thread_blocked, id=24344, stack(0x0000006bdb000000,0x0000006bdb100000) (1024K)]
  0x0000018080c2b0e0 JavaThread "block-manager-ask-thread-pool-60" daemon [_thread_blocked, id=17960, stack(0x0000006bdb100000,0x0000006bdb200000) (1024K)]
  0x000001806e856040 JavaThread "block-manager-ask-thread-pool-61" daemon [_thread_blocked, id=12488, stack(0x0000006bdb200000,0x0000006bdb300000) (1024K)]
  0x00000180659e56d0 JavaThread "block-manager-storage-async-thread-pool-93" daemon [_thread_blocked, id=11604, stack(0x0000006bdb300000,0x0000006bdb400000) (1024K)]
  0x0000018065eaf570 JavaThread "block-manager-storage-async-thread-pool-94" daemon [_thread_blocked, id=29556, stack(0x0000006bdb400000,0x0000006bdb500000) (1024K)]
  0x0000018065eb0290 JavaThread "block-manager-storage-async-thread-pool-95" daemon [_thread_blocked, id=3284, stack(0x0000006bdb500000,0x0000006bdb600000) (1024K)]
  0x000001806fd378f0 JavaThread "block-manager-ask-thread-pool-62" daemon [_thread_blocked, id=8812, stack(0x0000006bdb600000,0x0000006bdb700000) (1024K)]
  0x0000018080adb680 JavaThread "block-manager-ask-thread-pool-63" daemon [_thread_blocked, id=8320, stack(0x0000006bdb700000,0x0000006bdb800000) (1024K)]
  0x0000018080e3bfd0 JavaThread "block-manager-storage-async-thread-pool-96" daemon [_thread_blocked, id=20976, stack(0x0000006bdb800000,0x0000006bdb900000) (1024K)]
  0x000001806eca1720 JavaThread "block-manager-storage-async-thread-pool-97" daemon [_thread_blocked, id=25372, stack(0x0000006bdb900000,0x0000006bdba00000) (1024K)]
  0x000001806eca5230 JavaThread "block-manager-storage-async-thread-pool-98" daemon [_thread_blocked, id=17988, stack(0x0000006bdba00000,0x0000006bdbb00000) (1024K)]
  0x00000180659e49b0 JavaThread "block-manager-ask-thread-pool-64" daemon [_thread_blocked, id=6896, stack(0x0000006bdbb00000,0x0000006bdbc00000) (1024K)]
  0x0000018065eb0fb0 JavaThread "block-manager-ask-thread-pool-65" daemon [_thread_blocked, id=15000, stack(0x0000006bdbc00000,0x0000006bdbd00000) (1024K)]
  0x0000018080e3ccf0 JavaThread "block-manager-storage-async-thread-pool-99" daemon [_thread_blocked, id=13036, stack(0x0000006bdbd00000,0x0000006bdbe00000) (1024K)]
  0x0000018081feb380 JavaThread "block-manager-ask-thread-pool-66" daemon [_thread_blocked, id=25616, stack(0x0000006bdbe00000,0x0000006bdbf00000) (1024K)]
  0x0000018080adaff0 JavaThread "block-manager-ask-thread-pool-67" daemon [_thread_blocked, id=22432, stack(0x0000006bdbf00000,0x0000006bdc000000) (1024K)]
  0x0000018080e3d380 JavaThread "block-manager-ask-thread-pool-68" daemon [_thread_blocked, id=20632, stack(0x0000006bd9e00000,0x0000006bd9f00000) (1024K)]
  0x000001806e222500 JavaThread "block-manager-ask-thread-pool-69" daemon [_thread_blocked, id=2012, stack(0x0000006bdc000000,0x0000006bdc100000) (1024K)]
  0x000001806e11a120 JavaThread "Executor task launch worker-16" daemon [_thread_blocked, id=11964, stack(0x0000006bc7f00000,0x0000006bc8000000) (1024K)]
Total: 312

Other Threads:
=>0x000001807eeee130 VMThread "VM Thread"                           [id=31600, stack(0x0000006bc7600000,0x0000006bc7700000) (1024K)]
  0x000001807eed9c80 WatcherThread "VM Periodic Task Thread"        [id=7944, stack(0x0000006bc7500000,0x0000006bc7600000) (1024K)]
  0x000001807ed20d20 WorkerThread "GC Thread#0"                     [id=19192, stack(0x0000006bc7000000,0x0000006bc7100000) (1024K)]
  0x00000180622fbde0 WorkerThread "GC Thread#1"                     [id=3084, stack(0x0000006bc8300000,0x0000006bc8400000) (1024K)]
  0x00000180622fc190 WorkerThread "GC Thread#2"                     [id=19104, stack(0x0000006bc8400000,0x0000006bc8500000) (1024K)]
  0x00000180626aa200 WorkerThread "GC Thread#3"                     [id=6188, stack(0x0000006bc8500000,0x0000006bc8600000) (1024K)]
  0x00000180626db400 WorkerThread "GC Thread#4"                     [id=12264, stack(0x0000006bc8600000,0x0000006bc8700000) (1024K)]
  0x0000018063b34c30 WorkerThread "GC Thread#5"                     [id=6308, stack(0x0000006bc8a00000,0x0000006bc8b00000) (1024K)]
  0x0000018063b34fe0 WorkerThread "GC Thread#6"                     [id=11892, stack(0x0000006bc8b00000,0x0000006bc8c00000) (1024K)]
  0x0000018063cfe480 WorkerThread "GC Thread#7"                     [id=6512, stack(0x0000006bc8c00000,0x0000006bc8d00000) (1024K)]
  0x0000018063cfe830 WorkerThread "GC Thread#8"                     [id=29896, stack(0x0000006bc8d00000,0x0000006bc8e00000) (1024K)]
  0x0000018063cfeff0 WorkerThread "GC Thread#9"                     [id=31388, stack(0x0000006bc8e00000,0x0000006bc8f00000) (1024K)]
  0x0000018063cffb50 WorkerThread "GC Thread#10"                    [id=12408, stack(0x0000006bc8f00000,0x0000006bc9000000) (1024K)]
  0x0000018063d00dc0 WorkerThread "GC Thread#11"                    [id=18780, stack(0x0000006bc9000000,0x0000006bc9100000) (1024K)]
  0x0000018063cfff00 WorkerThread "GC Thread#12"                    [id=12744, stack(0x0000006bc9100000,0x0000006bc9200000) (1024K)]
  0x0000018072ceddf0 ConcurrentGCThread "G1 Main Marker"            [id=13332, stack(0x0000006bc7100000,0x0000006bc7200000) (1024K)]
  0x0000018072cee4d0 WorkerThread "G1 Conc#0"                       [id=18536, stack(0x0000006bc7200000,0x0000006bc7300000) (1024K)]
  0x0000018063cff3f0 WorkerThread "G1 Conc#1"                       [id=30256, stack(0x0000006bc9200000,0x0000006bc9300000) (1024K)]
  0x0000018063d00660 WorkerThread "G1 Conc#2"                       [id=22024, stack(0x0000006bc9300000,0x0000006bc9400000) (1024K)]
  0x000001807eda51f0 ConcurrentGCThread "G1 Refine#0"               [id=3216, stack(0x0000006bc7300000,0x0000006bc7400000) (1024K)]
  0x000001807eda5730 ConcurrentGCThread "G1 Service"                [id=30200, stack(0x0000006bc7400000,0x0000006bc7500000) (1024K)]
Total: 21

Threads with active compile tasks:
C2 CompilerThread0  48613 20552       4       org.apache.spark.sql.catalyst.expressions.GeneratedClass$GeneratedIteratorForCodegenStage1::processNext (1372 bytes)
Total: 1

VM state: at safepoint (normal execution)

VM Mutex/Monitor currently owned by a thread:  ([mutex/lock_event])
[0x00007ffa0d583e50] Threads_lock - owner thread: 0x000001807eeee130
[0x00007ffa0d583f50] Heap_lock - owner thread: 0x000001806811bf70

Heap address: 0x0000000500000000, size: 12288 MB, Compressed Oops mode: Zero based, Oop shift amount: 3

CDS archive(s) mapped at: [0x000001801d000000-0x000001801dce0000-0x000001801dce0000), size 13500416, SharedBaseAddress: 0x000001801d000000, ArchiveRelocationMode: 1.
Compressed class space mapped at: 0x000001801e000000-0x000001805e000000, reserved size: 1073741824
Narrow klass base: 0x000001801d000000, Narrow klass shift: 0, Narrow klass range: 0x100000000

GC Precious Log:
 CardTable entry size: 512
 Card Set container configuration: InlinePtr #cards 4 size 8 Array Of Cards #cards 64 size 144 Howl #buckets 8 coarsen threshold 14745 Howl Bitmap #cards 2048 size 272 coarsen threshold 1843 Card regions per heap region 1 cards per card region 16384
 CPUs: 16 total, 16 available
 Memory: 15775M
 Large Page Support: Disabled
 NUMA Support: Disabled
 Compressed Oops: Enabled (Zero based)
 Heap Region Size: 8M
 Heap Min Capacity: 8M
 Heap Initial Capacity: 248M
 Heap Max Capacity: 12G
 Pre-touch: Disabled
 Parallel Workers: 13
 Concurrent Workers: 3
 Concurrent Refinement Workers: 13
 Periodic GC: Disabled

Heap:
 garbage-first heap   total 4734976K, used 1193314K [0x0000000500000000, 0x0000000800000000)
  region size 8192K, 4 young (32768K), 4 survivors (32768K)
 Metaspace       used 155249K, committed 160832K, reserved 1245184K
  class space    used 19843K, committed 21952K, reserved 1048576K

Heap Regions: E=young(eden), S=young(survivor), O=old, HS=humongous(starts), HC=humongous(continues), CS=collection set, F=free, TAMS=top-at-mark-start, PB=parsable bottom
|   0|0x0000000500000000, 0x0000000500800000, 0x0000000500800000|100%| O|  |TAMS 0x0000000500800000| PB 0x0000000500800000| Untracked 
|   1|0x0000000500800000, 0x0000000501000000, 0x0000000501000000|100%| O|  |TAMS 0x0000000501000000| PB 0x0000000501000000| Untracked 
|   2|0x0000000501000000, 0x0000000501800000, 0x0000000501800000|100%| O|  |TAMS 0x0000000501800000| PB 0x0000000501800000| Updating 
|   3|0x0000000501800000, 0x0000000502000000, 0x0000000502000000|100%| O|  |TAMS 0x0000000502000000| PB 0x0000000502000000| Untracked 
|   4|0x0000000502000000, 0x0000000502800000, 0x0000000502800000|100%| O|  |TAMS 0x0000000502800000| PB 0x0000000502800000| Updating 
|   5|0x0000000502800000, 0x0000000503000000, 0x0000000503000000|100%| O|  |TAMS 0x0000000503000000| PB 0x0000000503000000| Untracked 
|   6|0x0000000503000000, 0x0000000503800000, 0x0000000503800000|100%| O|  |TAMS 0x0000000503800000| PB 0x0000000503800000| Untracked 
|   7|0x0000000503800000, 0x0000000504000000, 0x0000000504000000|100%| O|  |TAMS 0x0000000504000000| PB 0x0000000504000000| Updating 
|   8|0x0000000504000000, 0x0000000504800000, 0x0000000504800000|100%| O|  |TAMS 0x0000000504800000| PB 0x0000000504800000| Updating 
|   9|0x0000000504800000, 0x0000000505000000, 0x0000000505000000|100%| O|  |TAMS 0x0000000505000000| PB 0x0000000505000000| Updating 
|  10|0x0000000505000000, 0x0000000505800000, 0x0000000505800000|100%| O|  |TAMS 0x0000000505800000| PB 0x0000000505800000| Updating 
|  11|0x0000000505800000, 0x0000000506000000, 0x0000000506000000|100%| O|  |TAMS 0x0000000506000000| PB 0x0000000506000000| Updating 
|  12|0x0000000506000000, 0x0000000506800000, 0x0000000506800000|100%| O|  |TAMS 0x0000000506800000| PB 0x0000000506800000| Updating 
|  13|0x0000000506800000, 0x0000000507000000, 0x0000000507000000|100%| O|  |TAMS 0x0000000507000000| PB 0x0000000507000000| Updating 
|  14|0x0000000507000000, 0x0000000507800000, 0x0000000507800000|100%| O|  |TAMS 0x0000000507800000| PB 0x0000000507800000| Updating 
|  15|0x0000000507800000, 0x0000000508000000, 0x0000000508000000|100%| O|  |TAMS 0x0000000508000000| PB 0x0000000508000000| Updating 
|  16|0x0000000508000000, 0x0000000508800000, 0x0000000508800000|100%| O|  |TAMS 0x0000000508800000| PB 0x0000000508800000| Updating 
|  17|0x0000000508800000, 0x0000000508fbc8f8, 0x0000000509000000| 96%| O|  |TAMS 0x0000000508fbc8f8| PB 0x0000000508fbc8f8| Untracked 
|  18|0x0000000509000000, 0x0000000509800000, 0x0000000509800000|100%| O|  |TAMS 0x0000000509800000| PB 0x0000000509800000| Updating 
|  19|0x0000000509800000, 0x000000050a000000, 0x000000050a000000|100%| O|  |TAMS 0x000000050a000000| PB 0x000000050a000000| Updating 
|  20|0x000000050a000000, 0x000000050a800000, 0x000000050a800000|100%| O|  |TAMS 0x000000050a800000| PB 0x000000050a800000| Updating 
|  21|0x000000050a800000, 0x000000050b000000, 0x000000050b000000|100%| O|  |TAMS 0x000000050b000000| PB 0x000000050b000000| Untracked 
|  22|0x000000050b000000, 0x000000050b800000, 0x000000050b800000|100%| O|  |TAMS 0x000000050b800000| PB 0x000000050b800000| Updating 
|  23|0x000000050b800000, 0x000000050c000000, 0x000000050c000000|100%| O|  |TAMS 0x000000050c000000| PB 0x000000050c000000| Updating 
|  24|0x000000050c000000, 0x000000050c800000, 0x000000050c800000|100%| O|  |TAMS 0x000000050c800000| PB 0x000000050c800000| Updating 
|  25|0x000000050c800000, 0x000000050d000000, 0x000000050d000000|100%| O|  |TAMS 0x000000050d000000| PB 0x000000050d000000| Untracked 
|  26|0x000000050d000000, 0x000000050d800000, 0x000000050d800000|100%| O|  |TAMS 0x000000050d800000| PB 0x000000050d800000| Updating 
|  27|0x000000050d800000, 0x000000050e000000, 0x000000050e000000|100%| O|  |TAMS 0x000000050e000000| PB 0x000000050e000000| Updating 
|  28|0x000000050e000000, 0x000000050e800000, 0x000000050e800000|100%| O|  |TAMS 0x000000050e800000| PB 0x000000050e800000| Updating 
|  29|0x000000050e800000, 0x000000050f000000, 0x000000050f000000|100%| O|  |TAMS 0x000000050f000000| PB 0x000000050f000000| Updating 
|  30|0x000000050f000000, 0x000000050f800000, 0x000000050f800000|100%| O|  |TAMS 0x000000050f800000| PB 0x000000050f800000| Updating 
|  31|0x000000050f800000, 0x0000000510000000, 0x0000000510000000|100%| O|  |TAMS 0x000000050f800000| PB 0x000000050f800000| Untracked 
|  32|0x0000000510000000, 0x0000000510800000, 0x0000000510800000|100%| O|  |TAMS 0x0000000510800000| PB 0x0000000510800000| Untracked 
|  33|0x0000000510800000, 0x0000000511000000, 0x0000000511000000|100%| O|  |TAMS 0x0000000511000000| PB 0x0000000511000000| Untracked 
|  34|0x0000000511000000, 0x0000000511800000, 0x0000000511800000|100%| O|  |TAMS 0x0000000511000000| PB 0x0000000511000000| Untracked 
|  35|0x0000000511800000, 0x0000000512000000, 0x0000000512000000|100%| O|  |TAMS 0x0000000512000000| PB 0x0000000512000000| Updating 
|  36|0x0000000512000000, 0x0000000512800000, 0x0000000512800000|100%| O|  |TAMS 0x0000000512800000| PB 0x0000000512800000| Updating 
|  37|0x0000000512800000, 0x0000000513000000, 0x0000000513000000|100%|HS|  |TAMS 0x0000000513000000| PB 0x0000000512800000| Complete 
|  38|0x0000000513000000, 0x0000000513370c28, 0x0000000513800000| 43%| O|  |TAMS 0x0000000513000000| PB 0x0000000513000000| Untracked 
|  39|0x0000000513800000, 0x0000000513800000, 0x0000000514000000|  0%| F|  |TAMS 0x0000000513800000| PB 0x0000000513800000| Untracked 
|  40|0x0000000514000000, 0x0000000514800000, 0x0000000514800000|100%|HS|  |TAMS 0x0000000514800000| PB 0x0000000514000000| Complete 
|  41|0x0000000514800000, 0x0000000514800000, 0x0000000515000000|  0%| F|  |TAMS 0x0000000514800000| PB 0x0000000514800000| Untracked 
|  42|0x0000000515000000, 0x0000000515000000, 0x0000000515800000|  0%| F|  |TAMS 0x0000000515000000| PB 0x0000000515000000| Untracked 
|  43|0x0000000515800000, 0x0000000515800000, 0x0000000516000000|  0%| F|  |TAMS 0x0000000515800000| PB 0x0000000515800000| Untracked 
|  44|0x0000000516000000, 0x0000000516800000, 0x0000000516800000|100%| O|  |TAMS 0x0000000516800000| PB 0x0000000516800000| Untracked 
|  45|0x0000000516800000, 0x0000000517000000, 0x0000000517000000|100%| O|  |TAMS 0x0000000517000000| PB 0x0000000517000000| Updating 
|  46|0x0000000517000000, 0x0000000517000000, 0x0000000517800000|  0%| F|  |TAMS 0x0000000517000000| PB 0x0000000517000000| Untracked 
|  47|0x0000000517800000, 0x0000000518000000, 0x0000000518000000|100%| O|  |TAMS 0x0000000518000000| PB 0x0000000518000000| Untracked 
|  48|0x0000000518000000, 0x0000000518800000, 0x0000000518800000|100%| O|  |TAMS 0x0000000518800000| PB 0x0000000518800000| Untracked 
|  49|0x0000000518800000, 0x0000000519000000, 0x0000000519000000|100%| O|  |TAMS 0x0000000519000000| PB 0x0000000519000000| Untracked 
|  50|0x0000000519000000, 0x0000000519800000, 0x0000000519800000|100%| O|  |TAMS 0x0000000519800000| PB 0x0000000519800000| Untracked 
|  51|0x0000000519800000, 0x000000051a000000, 0x000000051a000000|100%| O|  |TAMS 0x000000051a000000| PB 0x000000051a000000| Untracked 
|  52|0x000000051a000000, 0x000000051a800000, 0x000000051a800000|100%| O|  |TAMS 0x000000051a800000| PB 0x000000051a800000| Untracked 
|  53|0x000000051a800000, 0x000000051b000000, 0x000000051b000000|100%| O|  |TAMS 0x000000051b000000| PB 0x000000051b000000| Untracked 
|  54|0x000000051b000000, 0x000000051b800000, 0x000000051b800000|100%| O|  |TAMS 0x000000051b800000| PB 0x000000051b800000| Untracked 
|  55|0x000000051b800000, 0x000000051be2e020, 0x000000051c000000| 77%| O|  |TAMS 0x000000051be2e020| PB 0x000000051be2e020| Updating 
|  56|0x000000051c000000, 0x000000051c800000, 0x000000051c800000|100%| O|  |TAMS 0x000000051c800000| PB 0x000000051c800000| Untracked 
|  57|0x000000051c800000, 0x000000051d000000, 0x000000051d000000|100%| O|  |TAMS 0x000000051d000000| PB 0x000000051d000000| Untracked 
|  58|0x000000051d000000, 0x000000051d800000, 0x000000051d800000|100%| O|  |TAMS 0x000000051d800000| PB 0x000000051d800000| Untracked 
|  59|0x000000051d800000, 0x000000051e000000, 0x000000051e000000|100%| O|  |TAMS 0x000000051e000000| PB 0x000000051e000000| Untracked 
|  60|0x000000051e000000, 0x000000051e800000, 0x000000051e800000|100%| O|  |TAMS 0x000000051e800000| PB 0x000000051e800000| Untracked 
|  61|0x000000051e800000, 0x000000051f000000, 0x000000051f000000|100%| O|  |TAMS 0x000000051f000000| PB 0x000000051f000000| Updating 
|  62|0x000000051f000000, 0x000000051f800000, 0x000000051f800000|100%| O|  |TAMS 0x000000051f800000| PB 0x000000051f800000| Untracked 
|  63|0x000000051f800000, 0x0000000520000000, 0x0000000520000000|100%| O|  |TAMS 0x0000000520000000| PB 0x0000000520000000| Updating 
|  64|0x0000000520000000, 0x0000000520800000, 0x0000000520800000|100%|HS|  |TAMS 0x0000000520800000| PB 0x0000000520000000| Complete 
|  65|0x0000000520800000, 0x0000000521000000, 0x0000000521000000|100%|HS|  |TAMS 0x0000000521000000| PB 0x0000000520800000| Complete 
|  66|0x0000000521000000, 0x0000000521800000, 0x0000000521800000|100%|HS|  |TAMS 0x0000000521800000| PB 0x0000000521000000| Complete 
|  67|0x0000000521800000, 0x0000000522000000, 0x0000000522000000|100%|HS|  |TAMS 0x0000000522000000| PB 0x0000000521800000| Complete 
|  68|0x0000000522000000, 0x0000000522800000, 0x0000000522800000|100%|HS|  |TAMS 0x0000000522800000| PB 0x0000000522000000| Complete 
|  69|0x0000000522800000, 0x0000000523000000, 0x0000000523000000|100%|HS|  |TAMS 0x0000000523000000| PB 0x0000000522800000| Complete 
|  70|0x0000000523000000, 0x0000000523800000, 0x0000000523800000|100%|HS|  |TAMS 0x0000000523800000| PB 0x0000000523000000| Complete 
|  71|0x0000000523800000, 0x0000000524000000, 0x0000000524000000|100%| O|  |TAMS 0x0000000524000000| PB 0x0000000524000000| Untracked 
|  72|0x0000000524000000, 0x0000000524800000, 0x0000000524800000|100%| O|  |TAMS 0x0000000524800000| PB 0x0000000524800000| Untracked 
|  73|0x0000000524800000, 0x0000000525000000, 0x0000000525000000|100%| O|  |TAMS 0x0000000525000000| PB 0x0000000525000000| Updating 
|  74|0x0000000525000000, 0x0000000525800000, 0x0000000525800000|100%|HS|  |TAMS 0x0000000525800000| PB 0x0000000525000000| Complete 
|  75|0x0000000525800000, 0x0000000526000000, 0x0000000526000000|100%|HS|  |TAMS 0x0000000526000000| PB 0x0000000525800000| Complete 
|  76|0x0000000526000000, 0x0000000526800000, 0x0000000526800000|100%|HS|  |TAMS 0x0000000526800000| PB 0x0000000526000000| Complete 
|  77|0x0000000526800000, 0x0000000527000000, 0x0000000527000000|100%| O|  |TAMS 0x0000000527000000| PB 0x0000000527000000| Untracked 
|  78|0x0000000527000000, 0x0000000527800000, 0x0000000527800000|100%| O|  |TAMS 0x0000000527800000| PB 0x0000000527800000| Untracked 
|  79|0x0000000527800000, 0x0000000528000000, 0x0000000528000000|100%| O|  |TAMS 0x0000000528000000| PB 0x0000000528000000| Untracked 
|  80|0x0000000528000000, 0x0000000528800000, 0x0000000528800000|100%| O|  |TAMS 0x0000000528800000| PB 0x0000000528800000| Untracked 
|  81|0x0000000528800000, 0x0000000529000000, 0x0000000529000000|100%| O|  |TAMS 0x0000000529000000| PB 0x0000000529000000| Updating 
|  82|0x0000000529000000, 0x0000000529800000, 0x0000000529800000|100%| O|  |TAMS 0x0000000529800000| PB 0x0000000529800000| Untracked 
|  83|0x0000000529800000, 0x000000052a000000, 0x000000052a000000|100%| O|  |TAMS 0x000000052a000000| PB 0x000000052a000000| Untracked 
|  84|0x000000052a000000, 0x000000052a800000, 0x000000052a800000|100%| O|  |TAMS 0x000000052a800000| PB 0x000000052a800000| Untracked 
|  85|0x000000052a800000, 0x000000052b000000, 0x000000052b000000|100%| O|  |TAMS 0x000000052b000000| PB 0x000000052b000000| Untracked 
|  86|0x000000052b000000, 0x000000052b800000, 0x000000052b800000|100%| O|  |TAMS 0x000000052b800000| PB 0x000000052b800000| Updating 
|  87|0x000000052b800000, 0x000000052c000000, 0x000000052c000000|100%| O|  |TAMS 0x000000052c000000| PB 0x000000052c000000| Updating 
|  88|0x000000052c000000, 0x000000052c800000, 0x000000052c800000|100%| O|  |TAMS 0x000000052c800000| PB 0x000000052c800000| Updating 
|  89|0x000000052c800000, 0x000000052d000000, 0x000000052d000000|100%|HS|  |TAMS 0x000000052d000000| PB 0x000000052c800000| Complete 
|  90|0x000000052d000000, 0x000000052d800000, 0x000000052d800000|100%|HS|  |TAMS 0x000000052d800000| PB 0x000000052d000000| Complete 
|  91|0x000000052d800000, 0x000000052e000000, 0x000000052e000000|100%|HS|  |TAMS 0x000000052e000000| PB 0x000000052d800000| Complete 
|  92|0x000000052e000000, 0x000000052e800000, 0x000000052e800000|100%|HS|  |TAMS 0x000000052e800000| PB 0x000000052e000000| Complete 
|  93|0x000000052e800000, 0x000000052f000000, 0x000000052f000000|100%| O|  |TAMS 0x000000052f000000| PB 0x000000052f000000| Untracked 
|  94|0x000000052f000000, 0x000000052f800000, 0x000000052f800000|100%| O|  |TAMS 0x000000052f800000| PB 0x000000052f800000| Untracked 
|  95|0x000000052f800000, 0x000000052f800000, 0x0000000530000000|  0%| F|  |TAMS 0x000000052f800000| PB 0x000000052f800000| Untracked 
|  96|0x0000000530000000, 0x0000000530000000, 0x0000000530800000|  0%| F|  |TAMS 0x0000000530000000| PB 0x0000000530000000| Untracked 
|  97|0x0000000530800000, 0x0000000530800000, 0x0000000531000000|  0%| F|  |TAMS 0x0000000530800000| PB 0x0000000530800000| Untracked 
|  98|0x0000000531000000, 0x0000000531800000, 0x0000000531800000|100%| O|  |TAMS 0x0000000531800000| PB 0x0000000531800000| Updating 
|  99|0x0000000531800000, 0x0000000531800000, 0x0000000532000000|  0%| F|  |TAMS 0x0000000531800000| PB 0x0000000531800000| Untracked 
| 100|0x0000000532000000, 0x0000000532000000, 0x0000000532800000|  0%| F|  |TAMS 0x0000000532000000| PB 0x0000000532000000| Untracked 
| 101|0x0000000532800000, 0x0000000533000000, 0x0000000533000000|100%| O|  |TAMS 0x0000000533000000| PB 0x0000000533000000| Untracked 
| 102|0x0000000533000000, 0x0000000533800000, 0x0000000533800000|100%| O|  |TAMS 0x0000000533800000| PB 0x0000000533800000| Untracked 
| 103|0x0000000533800000, 0x0000000534000000, 0x0000000534000000|100%| O|  |TAMS 0x0000000534000000| PB 0x0000000534000000| Untracked 
| 104|0x0000000534000000, 0x0000000534800000, 0x0000000534800000|100%| O|  |TAMS 0x0000000534800000| PB 0x0000000534800000| Untracked 
| 105|0x0000000534800000, 0x0000000535000000, 0x0000000535000000|100%| O|  |TAMS 0x0000000535000000| PB 0x0000000535000000| Untracked 
| 106|0x0000000535000000, 0x0000000535800000, 0x0000000535800000|100%| O|  |TAMS 0x0000000535800000| PB 0x0000000535800000| Untracked 
| 107|0x0000000535800000, 0x0000000536000000, 0x0000000536000000|100%| O|  |TAMS 0x0000000536000000| PB 0x0000000536000000| Untracked 
| 108|0x0000000536000000, 0x0000000536800000, 0x0000000536800000|100%| O|  |TAMS 0x0000000536800000| PB 0x0000000536800000| Updating 
| 109|0x0000000536800000, 0x0000000537000000, 0x0000000537000000|100%| O|  |TAMS 0x0000000537000000| PB 0x0000000537000000| Untracked 
| 110|0x0000000537000000, 0x0000000537800000, 0x0000000537800000|100%| O|  |TAMS 0x0000000537800000| PB 0x0000000537800000| Untracked 
| 111|0x0000000537800000, 0x0000000538000000, 0x0000000538000000|100%| O|  |TAMS 0x0000000538000000| PB 0x0000000538000000| Updating 
| 112|0x0000000538000000, 0x0000000538800000, 0x0000000538800000|100%| O|  |TAMS 0x0000000538800000| PB 0x0000000538800000| Untracked 
| 113|0x0000000538800000, 0x0000000539000000, 0x0000000539000000|100%| O|  |TAMS 0x0000000539000000| PB 0x0000000539000000| Untracked 
| 114|0x0000000539000000, 0x0000000539800000, 0x0000000539800000|100%| O|  |TAMS 0x0000000539800000| PB 0x0000000539800000| Untracked 
| 115|0x0000000539800000, 0x000000053a000000, 0x000000053a000000|100%| O|  |TAMS 0x000000053a000000| PB 0x000000053a000000| Updating 
| 116|0x000000053a000000, 0x000000053a800000, 0x000000053a800000|100%| O|  |TAMS 0x000000053a800000| PB 0x000000053a800000| Updating 
| 117|0x000000053a800000, 0x000000053b000000, 0x000000053b000000|100%| O|  |TAMS 0x000000053b000000| PB 0x000000053b000000| Updating 
| 118|0x000000053b000000, 0x000000053b800000, 0x000000053b800000|100%| O|  |TAMS 0x000000053b800000| PB 0x000000053b800000| Updating 
| 119|0x000000053b800000, 0x000000053c000000, 0x000000053c000000|100%| O|  |TAMS 0x000000053c000000| PB 0x000000053c000000| Updating 
| 120|0x000000053c000000, 0x000000053c800000, 0x000000053c800000|100%| O|  |TAMS 0x000000053c800000| PB 0x000000053c800000| Updating 
| 121|0x000000053c800000, 0x000000053d000000, 0x000000053d000000|100%| O|  |TAMS 0x000000053d000000| PB 0x000000053d000000| Untracked 
| 122|0x000000053d000000, 0x000000053d800000, 0x000000053d800000|100%| O|  |TAMS 0x000000053d800000| PB 0x000000053d800000| Updating 
| 123|0x000000053d800000, 0x000000053e000000, 0x000000053e000000|100%| O|  |TAMS 0x000000053e000000| PB 0x000000053e000000| Untracked 
| 124|0x000000053e000000, 0x000000053e800000, 0x000000053e800000|100%| O|  |TAMS 0x000000053e800000| PB 0x000000053e800000| Untracked 
| 125|0x000000053e800000, 0x000000053f000000, 0x000000053f000000|100%| O|  |TAMS 0x000000053f000000| PB 0x000000053f000000| Untracked 
| 126|0x000000053f000000, 0x000000053f800000, 0x000000053f800000|100%| O|  |TAMS 0x000000053f800000| PB 0x000000053f800000| Untracked 
| 127|0x000000053f800000, 0x0000000540000000, 0x0000000540000000|100%| O|  |TAMS 0x0000000540000000| PB 0x0000000540000000| Untracked 
| 128|0x0000000540000000, 0x0000000540800000, 0x0000000540800000|100%| O|  |TAMS 0x0000000540800000| PB 0x0000000540800000| Updating 
| 129|0x0000000540800000, 0x0000000541000000, 0x0000000541000000|100%| O|  |TAMS 0x0000000541000000| PB 0x0000000541000000| Untracked 
| 130|0x0000000541000000, 0x0000000541800000, 0x0000000541800000|100%| O|  |TAMS 0x0000000541800000| PB 0x0000000541800000| Updating 
| 131|0x0000000541800000, 0x0000000542000000, 0x0000000542000000|100%| O|  |TAMS 0x0000000542000000| PB 0x0000000542000000| Updating 
| 132|0x0000000542000000, 0x0000000542800000, 0x0000000542800000|100%| O|  |TAMS 0x0000000542800000| PB 0x0000000542800000| Updating 
| 133|0x0000000542800000, 0x0000000543000000, 0x0000000543000000|100%| O|  |TAMS 0x0000000543000000| PB 0x0000000543000000| Updating 
| 134|0x0000000543000000, 0x0000000543800000, 0x0000000543800000|100%| O|  |TAMS 0x0000000543800000| PB 0x0000000543800000| Updating 
| 135|0x0000000543800000, 0x0000000544000000, 0x0000000544000000|100%| O|  |TAMS 0x0000000544000000| PB 0x0000000544000000| Updating 
| 136|0x0000000544000000, 0x0000000544800000, 0x0000000544800000|100%| O|  |TAMS 0x0000000544800000| PB 0x0000000544800000| Untracked 
| 137|0x0000000544800000, 0x0000000545000000, 0x0000000545000000|100%| O|  |TAMS 0x0000000545000000| PB 0x0000000545000000| Updating 
| 138|0x0000000545000000, 0x0000000545800000, 0x0000000545800000|100%| O|  |TAMS 0x0000000545800000| PB 0x0000000545800000| Updating 
| 139|0x0000000545800000, 0x0000000546000000, 0x0000000546000000|100%| O|  |TAMS 0x0000000546000000| PB 0x0000000546000000| Updating 
| 140|0x0000000546000000, 0x0000000546800000, 0x0000000546800000|100%| O|  |TAMS 0x0000000546800000| PB 0x0000000546800000| Updating 
| 141|0x0000000546800000, 0x0000000547000000, 0x0000000547000000|100%| O|  |TAMS 0x0000000547000000| PB 0x0000000547000000| Updating 
| 142|0x0000000547000000, 0x0000000547800000, 0x0000000547800000|100%| O|  |TAMS 0x0000000547609980| PB 0x0000000547609980| Updating 
| 143|0x0000000547800000, 0x0000000548000000, 0x0000000548000000|100%| O|  |TAMS 0x0000000547800000| PB 0x0000000547800000| Untracked 
| 144|0x0000000548000000, 0x0000000548800000, 0x0000000548800000|100%| O|  |TAMS 0x0000000548000000| PB 0x0000000548000000| Untracked 
| 145|0x0000000548800000, 0x0000000549000000, 0x0000000549000000|100%| O|  |TAMS 0x0000000548800000| PB 0x0000000548800000| Untracked 
| 146|0x0000000549000000, 0x0000000549800000, 0x0000000549800000|100%| O|  |TAMS 0x0000000549000000| PB 0x0000000549000000| Untracked 
| 147|0x0000000549800000, 0x000000054a000000, 0x000000054a000000|100%| O|  |TAMS 0x0000000549800000| PB 0x0000000549800000| Untracked 
| 148|0x000000054a000000, 0x000000054a800000, 0x000000054a800000|100%| O|  |TAMS 0x000000054a000000| PB 0x000000054a000000| Untracked 
| 149|0x000000054a800000, 0x000000054ac7f1c0, 0x000000054b000000| 56%| O|  |TAMS 0x000000054a800000| PB 0x000000054a800000| Updating 
| 150|0x000000054b000000, 0x000000054b000000, 0x000000054b800000|  0%| F|  |TAMS 0x000000054b000000| PB 0x000000054b000000| Untracked 
| 151|0x000000054b800000, 0x000000054b800000, 0x000000054c000000|  0%| F|  |TAMS 0x000000054b800000| PB 0x000000054b800000| Untracked 
| 152|0x000000054c000000, 0x000000054c000000, 0x000000054c800000|  0%| F|  |TAMS 0x000000054c000000| PB 0x000000054c000000| Untracked 
| 153|0x000000054c800000, 0x000000054c800000, 0x000000054d000000|  0%| F|  |TAMS 0x000000054c800000| PB 0x000000054c800000| Untracked 
| 154|0x000000054d000000, 0x000000054d000000, 0x000000054d800000|  0%| F|  |TAMS 0x000000054d000000| PB 0x000000054d000000| Untracked 
| 155|0x000000054d800000, 0x000000054d800000, 0x000000054e000000|  0%| F|  |TAMS 0x000000054d800000| PB 0x000000054d800000| Untracked 
| 156|0x000000054e000000, 0x000000054e000000, 0x000000054e800000|  0%| F|  |TAMS 0x000000054e000000| PB 0x000000054e000000| Untracked 
| 157|0x000000054e800000, 0x000000054e800000, 0x000000054f000000|  0%| F|  |TAMS 0x000000054e800000| PB 0x000000054e800000| Untracked 
| 158|0x000000054f000000, 0x000000054f000000, 0x000000054f800000|  0%| F|  |TAMS 0x000000054f000000| PB 0x000000054f000000| Untracked 
| 159|0x000000054f800000, 0x000000054f800000, 0x0000000550000000|  0%| F|  |TAMS 0x000000054f800000| PB 0x000000054f800000| Untracked 
| 160|0x0000000550000000, 0x0000000550000000, 0x0000000550800000|  0%| F|  |TAMS 0x0000000550000000| PB 0x0000000550000000| Untracked 
| 161|0x0000000550800000, 0x0000000550800000, 0x0000000551000000|  0%| F|  |TAMS 0x0000000550800000| PB 0x0000000550800000| Untracked 
| 162|0x0000000551000000, 0x0000000551000000, 0x0000000551800000|  0%| F|  |TAMS 0x0000000551000000| PB 0x0000000551000000| Untracked 
| 163|0x0000000551800000, 0x0000000551800000, 0x0000000552000000|  0%| F|  |TAMS 0x0000000551800000| PB 0x0000000551800000| Untracked 
| 164|0x0000000552000000, 0x0000000552000000, 0x0000000552800000|  0%| F|  |TAMS 0x0000000552000000| PB 0x0000000552000000| Untracked 
| 165|0x0000000552800000, 0x0000000552800000, 0x0000000553000000|  0%| F|  |TAMS 0x0000000552800000| PB 0x0000000552800000| Untracked 
| 166|0x0000000553000000, 0x0000000553000000, 0x0000000553800000|  0%| F|  |TAMS 0x0000000553000000| PB 0x0000000553000000| Untracked 
| 167|0x0000000553800000, 0x0000000553800000, 0x0000000554000000|  0%| F|  |TAMS 0x0000000553800000| PB 0x0000000553800000| Untracked 
| 168|0x0000000554000000, 0x0000000554000000, 0x0000000554800000|  0%| F|  |TAMS 0x0000000554000000| PB 0x0000000554000000| Untracked 
| 169|0x0000000554800000, 0x0000000554800000, 0x0000000555000000|  0%| F|  |TAMS 0x0000000554800000| PB 0x0000000554800000| Untracked 
| 170|0x0000000555000000, 0x0000000555000000, 0x0000000555800000|  0%| F|  |TAMS 0x0000000555000000| PB 0x0000000555000000| Untracked 
| 171|0x0000000555800000, 0x0000000555800000, 0x0000000556000000|  0%| F|  |TAMS 0x0000000555800000| PB 0x0000000555800000| Untracked 
| 172|0x0000000556000000, 0x0000000556000000, 0x0000000556800000|  0%| F|  |TAMS 0x0000000556000000| PB 0x0000000556000000| Untracked 
| 173|0x0000000556800000, 0x0000000556800000, 0x0000000557000000|  0%| F|  |TAMS 0x0000000556800000| PB 0x0000000556800000| Untracked 
| 174|0x0000000557000000, 0x0000000557000000, 0x0000000557800000|  0%| F|  |TAMS 0x0000000557000000| PB 0x0000000557000000| Untracked 
| 175|0x0000000557800000, 0x0000000557800000, 0x0000000558000000|  0%| F|  |TAMS 0x0000000557800000| PB 0x0000000557800000| Untracked 
| 176|0x0000000558000000, 0x0000000558000000, 0x0000000558800000|  0%| F|  |TAMS 0x0000000558000000| PB 0x0000000558000000| Untracked 
| 177|0x0000000558800000, 0x0000000558800000, 0x0000000559000000|  0%| F|  |TAMS 0x0000000558800000| PB 0x0000000558800000| Untracked 
| 178|0x0000000559000000, 0x0000000559000000, 0x0000000559800000|  0%| F|  |TAMS 0x0000000559000000| PB 0x0000000559000000| Untracked 
| 179|0x0000000559800000, 0x0000000559800000, 0x000000055a000000|  0%| F|  |TAMS 0x0000000559800000| PB 0x0000000559800000| Untracked 
| 180|0x000000055a000000, 0x000000055a000000, 0x000000055a800000|  0%| F|  |TAMS 0x000000055a000000| PB 0x000000055a000000| Untracked 
| 181|0x000000055a800000, 0x000000055a800000, 0x000000055b000000|  0%| F|  |TAMS 0x000000055a800000| PB 0x000000055a800000| Untracked 
| 182|0x000000055b000000, 0x000000055b000000, 0x000000055b800000|  0%| F|  |TAMS 0x000000055b000000| PB 0x000000055b000000| Untracked 
| 183|0x000000055b800000, 0x000000055b800000, 0x000000055c000000|  0%| F|  |TAMS 0x000000055b800000| PB 0x000000055b800000| Untracked 
| 184|0x000000055c000000, 0x000000055c000000, 0x000000055c800000|  0%| F|  |TAMS 0x000000055c000000| PB 0x000000055c000000| Untracked 
| 185|0x000000055c800000, 0x000000055c800000, 0x000000055d000000|  0%| F|  |TAMS 0x000000055c800000| PB 0x000000055c800000| Untracked 
| 186|0x000000055d000000, 0x000000055d000000, 0x000000055d800000|  0%| F|  |TAMS 0x000000055d000000| PB 0x000000055d000000| Untracked 
| 187|0x000000055d800000, 0x000000055d800000, 0x000000055e000000|  0%| F|  |TAMS 0x000000055d800000| PB 0x000000055d800000| Untracked 
| 188|0x000000055e000000, 0x000000055e000000, 0x000000055e800000|  0%| F|  |TAMS 0x000000055e000000| PB 0x000000055e000000| Untracked 
| 189|0x000000055e800000, 0x000000055e800000, 0x000000055f000000|  0%| F|  |TAMS 0x000000055e800000| PB 0x000000055e800000| Untracked 
| 190|0x000000055f000000, 0x000000055f000000, 0x000000055f800000|  0%| F|  |TAMS 0x000000055f000000| PB 0x000000055f000000| Untracked 
| 191|0x000000055f800000, 0x000000055f800000, 0x0000000560000000|  0%| F|  |TAMS 0x000000055f800000| PB 0x000000055f800000| Untracked 
| 192|0x0000000560000000, 0x0000000560000000, 0x0000000560800000|  0%| F|  |TAMS 0x0000000560000000| PB 0x0000000560000000| Untracked 
| 193|0x0000000560800000, 0x0000000560800000, 0x0000000561000000|  0%| F|  |TAMS 0x0000000560800000| PB 0x0000000560800000| Untracked 
| 194|0x0000000561000000, 0x0000000561000000, 0x0000000561800000|  0%| F|  |TAMS 0x0000000561000000| PB 0x0000000561000000| Untracked 
| 195|0x0000000561800000, 0x0000000561800000, 0x0000000562000000|  0%| F|  |TAMS 0x0000000561800000| PB 0x0000000561800000| Untracked 
| 196|0x0000000562000000, 0x0000000562000000, 0x0000000562800000|  0%| F|  |TAMS 0x0000000562000000| PB 0x0000000562000000| Untracked 
| 197|0x0000000562800000, 0x0000000562800000, 0x0000000563000000|  0%| F|  |TAMS 0x0000000562800000| PB 0x0000000562800000| Untracked 
| 198|0x0000000563000000, 0x0000000563000000, 0x0000000563800000|  0%| F|  |TAMS 0x0000000563000000| PB 0x0000000563000000| Untracked 
| 199|0x0000000563800000, 0x0000000563800000, 0x0000000564000000|  0%| F|  |TAMS 0x0000000563800000| PB 0x0000000563800000| Untracked 
| 200|0x0000000564000000, 0x0000000564000000, 0x0000000564800000|  0%| F|  |TAMS 0x0000000564000000| PB 0x0000000564000000| Untracked 
| 201|0x0000000564800000, 0x0000000564800000, 0x0000000565000000|  0%| F|  |TAMS 0x0000000564800000| PB 0x0000000564800000| Untracked 
| 202|0x0000000565000000, 0x0000000565000000, 0x0000000565800000|  0%| F|  |TAMS 0x0000000565000000| PB 0x0000000565000000| Untracked 
| 203|0x0000000565800000, 0x0000000565800000, 0x0000000566000000|  0%| F|  |TAMS 0x0000000565800000| PB 0x0000000565800000| Untracked 
| 204|0x0000000566000000, 0x0000000566000000, 0x0000000566800000|  0%| F|  |TAMS 0x0000000566000000| PB 0x0000000566000000| Untracked 
| 205|0x0000000566800000, 0x0000000566800000, 0x0000000567000000|  0%| F|  |TAMS 0x0000000566800000| PB 0x0000000566800000| Untracked 
| 206|0x0000000567000000, 0x0000000567000000, 0x0000000567800000|  0%| F|  |TAMS 0x0000000567000000| PB 0x0000000567000000| Untracked 
| 207|0x0000000567800000, 0x0000000567800000, 0x0000000568000000|  0%| F|  |TAMS 0x0000000567800000| PB 0x0000000567800000| Untracked 
| 208|0x0000000568000000, 0x0000000568000000, 0x0000000568800000|  0%| F|  |TAMS 0x0000000568000000| PB 0x0000000568000000| Untracked 
| 209|0x0000000568800000, 0x0000000568800000, 0x0000000569000000|  0%| F|  |TAMS 0x0000000568800000| PB 0x0000000568800000| Untracked 
| 210|0x0000000569000000, 0x0000000569000000, 0x0000000569800000|  0%| F|  |TAMS 0x0000000569000000| PB 0x0000000569000000| Untracked 
| 211|0x0000000569800000, 0x0000000569800000, 0x000000056a000000|  0%| F|  |TAMS 0x0000000569800000| PB 0x0000000569800000| Untracked 
| 212|0x000000056a000000, 0x000000056a000000, 0x000000056a800000|  0%| F|  |TAMS 0x000000056a000000| PB 0x000000056a000000| Untracked 
| 213|0x000000056a800000, 0x000000056a800000, 0x000000056b000000|  0%| F|  |TAMS 0x000000056a800000| PB 0x000000056a800000| Untracked 
| 214|0x000000056b000000, 0x000000056b000000, 0x000000056b800000|  0%| F|  |TAMS 0x000000056b000000| PB 0x000000056b000000| Untracked 
| 215|0x000000056b800000, 0x000000056b800000, 0x000000056c000000|  0%| F|  |TAMS 0x000000056b800000| PB 0x000000056b800000| Untracked 
| 216|0x000000056c000000, 0x000000056c000000, 0x000000056c800000|  0%| F|  |TAMS 0x000000056c000000| PB 0x000000056c000000| Untracked 
| 217|0x000000056c800000, 0x000000056c800000, 0x000000056d000000|  0%| F|  |TAMS 0x000000056c800000| PB 0x000000056c800000| Untracked 
| 218|0x000000056d000000, 0x000000056d000000, 0x000000056d800000|  0%| F|  |TAMS 0x000000056d000000| PB 0x000000056d000000| Untracked 
| 219|0x000000056d800000, 0x000000056d800000, 0x000000056e000000|  0%| F|  |TAMS 0x000000056d800000| PB 0x000000056d800000| Untracked 
| 220|0x000000056e000000, 0x000000056e000000, 0x000000056e800000|  0%| F|  |TAMS 0x000000056e000000| PB 0x000000056e000000| Untracked 
| 221|0x000000056e800000, 0x000000056e800000, 0x000000056f000000|  0%| F|  |TAMS 0x000000056e800000| PB 0x000000056e800000| Untracked 
| 222|0x000000056f000000, 0x000000056f000000, 0x000000056f800000|  0%| F|  |TAMS 0x000000056f000000| PB 0x000000056f000000| Untracked 
| 223|0x000000056f800000, 0x000000056f800000, 0x0000000570000000|  0%| F|  |TAMS 0x000000056f800000| PB 0x000000056f800000| Untracked 
| 224|0x0000000570000000, 0x0000000570000000, 0x0000000570800000|  0%| F|  |TAMS 0x0000000570000000| PB 0x0000000570000000| Untracked 
| 225|0x0000000570800000, 0x0000000570800000, 0x0000000571000000|  0%| F|  |TAMS 0x0000000570800000| PB 0x0000000570800000| Untracked 
| 226|0x0000000571000000, 0x0000000571000000, 0x0000000571800000|  0%| F|  |TAMS 0x0000000571000000| PB 0x0000000571000000| Untracked 
| 227|0x0000000571800000, 0x0000000571800000, 0x0000000572000000|  0%| F|  |TAMS 0x0000000571800000| PB 0x0000000571800000| Untracked 
| 228|0x0000000572000000, 0x0000000572000000, 0x0000000572800000|  0%| F|  |TAMS 0x0000000572000000| PB 0x0000000572000000| Untracked 
| 229|0x0000000572800000, 0x0000000572800000, 0x0000000573000000|  0%| F|  |TAMS 0x0000000572800000| PB 0x0000000572800000| Untracked 
| 230|0x0000000573000000, 0x0000000573000000, 0x0000000573800000|  0%| F|  |TAMS 0x0000000573000000| PB 0x0000000573000000| Untracked 
| 231|0x0000000573800000, 0x0000000573800000, 0x0000000574000000|  0%| F|  |TAMS 0x0000000573800000| PB 0x0000000573800000| Untracked 
| 232|0x0000000574000000, 0x0000000574000000, 0x0000000574800000|  0%| F|  |TAMS 0x0000000574000000| PB 0x0000000574000000| Untracked 
| 233|0x0000000574800000, 0x0000000574800000, 0x0000000575000000|  0%| F|  |TAMS 0x0000000574800000| PB 0x0000000574800000| Untracked 
| 234|0x0000000575000000, 0x0000000575000000, 0x0000000575800000|  0%| F|  |TAMS 0x0000000575000000| PB 0x0000000575000000| Untracked 
| 235|0x0000000575800000, 0x0000000575800000, 0x0000000576000000|  0%| F|  |TAMS 0x0000000575800000| PB 0x0000000575800000| Untracked 
| 236|0x0000000576000000, 0x0000000576000000, 0x0000000576800000|  0%| F|  |TAMS 0x0000000576000000| PB 0x0000000576000000| Untracked 
| 237|0x0000000576800000, 0x0000000576800000, 0x0000000577000000|  0%| F|  |TAMS 0x0000000576800000| PB 0x0000000576800000| Untracked 
| 238|0x0000000577000000, 0x0000000577000000, 0x0000000577800000|  0%| F|  |TAMS 0x0000000577000000| PB 0x0000000577000000| Untracked 
| 239|0x0000000577800000, 0x0000000577800000, 0x0000000578000000|  0%| F|  |TAMS 0x0000000577800000| PB 0x0000000577800000| Untracked 
| 240|0x0000000578000000, 0x0000000578000000, 0x0000000578800000|  0%| F|  |TAMS 0x0000000578000000| PB 0x0000000578000000| Untracked 
| 241|0x0000000578800000, 0x0000000578800000, 0x0000000579000000|  0%| F|  |TAMS 0x0000000578800000| PB 0x0000000578800000| Untracked 
| 242|0x0000000579000000, 0x0000000579000000, 0x0000000579800000|  0%| F|  |TAMS 0x0000000579000000| PB 0x0000000579000000| Untracked 
| 243|0x0000000579800000, 0x0000000579800000, 0x000000057a000000|  0%| F|  |TAMS 0x0000000579800000| PB 0x0000000579800000| Untracked 
| 244|0x000000057a000000, 0x000000057a000000, 0x000000057a800000|  0%| F|  |TAMS 0x000000057a000000| PB 0x000000057a000000| Untracked 
| 245|0x000000057a800000, 0x000000057a800000, 0x000000057b000000|  0%| F|  |TAMS 0x000000057a800000| PB 0x000000057a800000| Untracked 
| 246|0x000000057b000000, 0x000000057b000000, 0x000000057b800000|  0%| F|  |TAMS 0x000000057b000000| PB 0x000000057b000000| Untracked 
| 247|0x000000057b800000, 0x000000057b800000, 0x000000057c000000|  0%| F|  |TAMS 0x000000057b800000| PB 0x000000057b800000| Untracked 
| 248|0x000000057c000000, 0x000000057c000000, 0x000000057c800000|  0%| F|  |TAMS 0x000000057c000000| PB 0x000000057c000000| Untracked 
| 249|0x000000057c800000, 0x000000057c800000, 0x000000057d000000|  0%| F|  |TAMS 0x000000057c800000| PB 0x000000057c800000| Untracked 
| 250|0x000000057d000000, 0x000000057d000000, 0x000000057d800000|  0%| F|  |TAMS 0x000000057d000000| PB 0x000000057d000000| Untracked 
| 251|0x000000057d800000, 0x000000057d800000, 0x000000057e000000|  0%| F|  |TAMS 0x000000057d800000| PB 0x000000057d800000| Untracked 
| 252|0x000000057e000000, 0x000000057e000000, 0x000000057e800000|  0%| F|  |TAMS 0x000000057e000000| PB 0x000000057e000000| Untracked 
| 253|0x000000057e800000, 0x000000057e800000, 0x000000057f000000|  0%| F|  |TAMS 0x000000057e800000| PB 0x000000057e800000| Untracked 
| 254|0x000000057f000000, 0x000000057f000000, 0x000000057f800000|  0%| F|  |TAMS 0x000000057f000000| PB 0x000000057f000000| Untracked 
| 255|0x000000057f800000, 0x000000057f800000, 0x0000000580000000|  0%| F|  |TAMS 0x000000057f800000| PB 0x000000057f800000| Untracked 
| 256|0x0000000580000000, 0x0000000580000000, 0x0000000580800000|  0%| F|  |TAMS 0x0000000580000000| PB 0x0000000580000000| Untracked 
| 257|0x0000000580800000, 0x0000000580800000, 0x0000000581000000|  0%| F|  |TAMS 0x0000000580800000| PB 0x0000000580800000| Untracked 
| 258|0x0000000581000000, 0x0000000581000000, 0x0000000581800000|  0%| F|  |TAMS 0x0000000581000000| PB 0x0000000581000000| Untracked 
| 259|0x0000000581800000, 0x0000000581800000, 0x0000000582000000|  0%| F|  |TAMS 0x0000000581800000| PB 0x0000000581800000| Untracked 
| 260|0x0000000582000000, 0x0000000582000000, 0x0000000582800000|  0%| F|  |TAMS 0x0000000582000000| PB 0x0000000582000000| Untracked 
| 261|0x0000000582800000, 0x0000000582800000, 0x0000000583000000|  0%| F|  |TAMS 0x0000000582800000| PB 0x0000000582800000| Untracked 
| 262|0x0000000583000000, 0x0000000583000000, 0x0000000583800000|  0%| F|  |TAMS 0x0000000583000000| PB 0x0000000583000000| Untracked 
| 263|0x0000000583800000, 0x0000000583800000, 0x0000000584000000|  0%| F|  |TAMS 0x0000000583800000| PB 0x0000000583800000| Untracked 
| 264|0x0000000584000000, 0x0000000584000000, 0x0000000584800000|  0%| F|  |TAMS 0x0000000584000000| PB 0x0000000584000000| Untracked 
| 265|0x0000000584800000, 0x0000000584800000, 0x0000000585000000|  0%| F|  |TAMS 0x0000000584800000| PB 0x0000000584800000| Untracked 
| 266|0x0000000585000000, 0x0000000585000000, 0x0000000585800000|  0%| F|  |TAMS 0x0000000585000000| PB 0x0000000585000000| Untracked 
| 267|0x0000000585800000, 0x0000000585800000, 0x0000000586000000|  0%| F|  |TAMS 0x0000000585800000| PB 0x0000000585800000| Untracked 
| 268|0x0000000586000000, 0x0000000586000000, 0x0000000586800000|  0%| F|  |TAMS 0x0000000586000000| PB 0x0000000586000000| Untracked 
| 269|0x0000000586800000, 0x0000000586800000, 0x0000000587000000|  0%| F|  |TAMS 0x0000000586800000| PB 0x0000000586800000| Untracked 
| 270|0x0000000587000000, 0x0000000587000000, 0x0000000587800000|  0%| F|  |TAMS 0x0000000587000000| PB 0x0000000587000000| Untracked 
| 271|0x0000000587800000, 0x0000000587800000, 0x0000000588000000|  0%| F|  |TAMS 0x0000000587800000| PB 0x0000000587800000| Untracked 
| 272|0x0000000588000000, 0x0000000588000000, 0x0000000588800000|  0%| F|  |TAMS 0x0000000588000000| PB 0x0000000588000000| Untracked 
| 273|0x0000000588800000, 0x0000000588800000, 0x0000000589000000|  0%| F|  |TAMS 0x0000000588800000| PB 0x0000000588800000| Untracked 
| 274|0x0000000589000000, 0x0000000589000000, 0x0000000589800000|  0%| F|  |TAMS 0x0000000589000000| PB 0x0000000589000000| Untracked 
| 275|0x0000000589800000, 0x0000000589800000, 0x000000058a000000|  0%| F|  |TAMS 0x0000000589800000| PB 0x0000000589800000| Untracked 
| 276|0x000000058a000000, 0x000000058a000000, 0x000000058a800000|  0%| F|  |TAMS 0x000000058a000000| PB 0x000000058a000000| Untracked 
| 277|0x000000058a800000, 0x000000058a800000, 0x000000058b000000|  0%| F|  |TAMS 0x000000058a800000| PB 0x000000058a800000| Untracked 
| 278|0x000000058b000000, 0x000000058b000000, 0x000000058b800000|  0%| F|  |TAMS 0x000000058b000000| PB 0x000000058b000000| Untracked 
| 279|0x000000058b800000, 0x000000058b800000, 0x000000058c000000|  0%| F|  |TAMS 0x000000058b800000| PB 0x000000058b800000| Untracked 
| 280|0x000000058c000000, 0x000000058c000000, 0x000000058c800000|  0%| F|  |TAMS 0x000000058c000000| PB 0x000000058c000000| Untracked 
| 281|0x000000058c800000, 0x000000058c800000, 0x000000058d000000|  0%| F|  |TAMS 0x000000058c800000| PB 0x000000058c800000| Untracked 
| 282|0x000000058d000000, 0x000000058d000000, 0x000000058d800000|  0%| F|  |TAMS 0x000000058d000000| PB 0x000000058d000000| Untracked 
| 283|0x000000058d800000, 0x000000058d800000, 0x000000058e000000|  0%| F|  |TAMS 0x000000058d800000| PB 0x000000058d800000| Untracked 
| 284|0x000000058e000000, 0x000000058e000000, 0x000000058e800000|  0%| F|  |TAMS 0x000000058e000000| PB 0x000000058e000000| Untracked 
| 285|0x000000058e800000, 0x000000058e800000, 0x000000058f000000|  0%| F|  |TAMS 0x000000058e800000| PB 0x000000058e800000| Untracked 
| 286|0x000000058f000000, 0x000000058f000000, 0x000000058f800000|  0%| F|  |TAMS 0x000000058f000000| PB 0x000000058f000000| Untracked 
| 287|0x000000058f800000, 0x000000058f800000, 0x0000000590000000|  0%| F|  |TAMS 0x000000058f800000| PB 0x000000058f800000| Untracked 
| 288|0x0000000590000000, 0x0000000590000000, 0x0000000590800000|  0%| F|  |TAMS 0x0000000590000000| PB 0x0000000590000000| Untracked 
| 289|0x0000000590800000, 0x0000000590800000, 0x0000000591000000|  0%| F|  |TAMS 0x0000000590800000| PB 0x0000000590800000| Untracked 
| 290|0x0000000591000000, 0x0000000591000000, 0x0000000591800000|  0%| F|  |TAMS 0x0000000591000000| PB 0x0000000591000000| Untracked 
| 291|0x0000000591800000, 0x0000000591800000, 0x0000000592000000|  0%| F|  |TAMS 0x0000000591800000| PB 0x0000000591800000| Untracked 
| 292|0x0000000592000000, 0x0000000592000000, 0x0000000592800000|  0%| F|  |TAMS 0x0000000592000000| PB 0x0000000592000000| Untracked 
| 293|0x0000000592800000, 0x0000000592800000, 0x0000000593000000|  0%| F|  |TAMS 0x0000000592800000| PB 0x0000000592800000| Untracked 
| 294|0x0000000593000000, 0x0000000593000000, 0x0000000593800000|  0%| F|  |TAMS 0x0000000593000000| PB 0x0000000593000000| Untracked 
| 295|0x0000000593800000, 0x0000000593800000, 0x0000000594000000|  0%| F|  |TAMS 0x0000000593800000| PB 0x0000000593800000| Untracked 
| 296|0x0000000594000000, 0x0000000594000000, 0x0000000594800000|  0%| F|  |TAMS 0x0000000594000000| PB 0x0000000594000000| Untracked 
| 297|0x0000000594800000, 0x0000000594800000, 0x0000000595000000|  0%| F|  |TAMS 0x0000000594800000| PB 0x0000000594800000| Untracked 
| 298|0x0000000595000000, 0x0000000595000000, 0x0000000595800000|  0%| F|  |TAMS 0x0000000595000000| PB 0x0000000595000000| Untracked 
| 299|0x0000000595800000, 0x0000000595800000, 0x0000000596000000|  0%| F|  |TAMS 0x0000000595800000| PB 0x0000000595800000| Untracked 
| 300|0x0000000596000000, 0x0000000596000000, 0x0000000596800000|  0%| F|  |TAMS 0x0000000596000000| PB 0x0000000596000000| Untracked 
| 301|0x0000000596800000, 0x0000000596800000, 0x0000000597000000|  0%| F|  |TAMS 0x0000000596800000| PB 0x0000000596800000| Untracked 
| 302|0x0000000597000000, 0x0000000597000000, 0x0000000597800000|  0%| F|  |TAMS 0x0000000597000000| PB 0x0000000597000000| Untracked 
| 303|0x0000000597800000, 0x0000000597800000, 0x0000000598000000|  0%| F|  |TAMS 0x0000000597800000| PB 0x0000000597800000| Untracked 
| 304|0x0000000598000000, 0x0000000598000000, 0x0000000598800000|  0%| F|  |TAMS 0x0000000598000000| PB 0x0000000598000000| Untracked 
| 305|0x0000000598800000, 0x0000000598800000, 0x0000000599000000|  0%| F|  |TAMS 0x0000000598800000| PB 0x0000000598800000| Untracked 
| 306|0x0000000599000000, 0x0000000599000000, 0x0000000599800000|  0%| F|  |TAMS 0x0000000599000000| PB 0x0000000599000000| Untracked 
| 307|0x0000000599800000, 0x0000000599800000, 0x000000059a000000|  0%| F|  |TAMS 0x0000000599800000| PB 0x0000000599800000| Untracked 
| 308|0x000000059a000000, 0x000000059a000000, 0x000000059a800000|  0%| F|  |TAMS 0x000000059a000000| PB 0x000000059a000000| Untracked 
| 309|0x000000059a800000, 0x000000059a800000, 0x000000059b000000|  0%| F|  |TAMS 0x000000059a800000| PB 0x000000059a800000| Untracked 
| 310|0x000000059b000000, 0x000000059b000000, 0x000000059b800000|  0%| F|  |TAMS 0x000000059b000000| PB 0x000000059b000000| Untracked 
| 311|0x000000059b800000, 0x000000059b800000, 0x000000059c000000|  0%| F|  |TAMS 0x000000059b800000| PB 0x000000059b800000| Untracked 
| 312|0x000000059c000000, 0x000000059c000000, 0x000000059c800000|  0%| F|  |TAMS 0x000000059c000000| PB 0x000000059c000000| Untracked 
| 313|0x000000059c800000, 0x000000059c800000, 0x000000059d000000|  0%| F|  |TAMS 0x000000059c800000| PB 0x000000059c800000| Untracked 
| 314|0x000000059d000000, 0x000000059d000000, 0x000000059d800000|  0%| F|  |TAMS 0x000000059d000000| PB 0x000000059d000000| Untracked 
| 315|0x000000059d800000, 0x000000059d800000, 0x000000059e000000|  0%| F|  |TAMS 0x000000059d800000| PB 0x000000059d800000| Untracked 
| 316|0x000000059e000000, 0x000000059e000000, 0x000000059e800000|  0%| F|  |TAMS 0x000000059e000000| PB 0x000000059e000000| Untracked 
| 317|0x000000059e800000, 0x000000059e800000, 0x000000059f000000|  0%| F|  |TAMS 0x000000059e800000| PB 0x000000059e800000| Untracked 
| 318|0x000000059f000000, 0x000000059f000000, 0x000000059f800000|  0%| F|  |TAMS 0x000000059f000000| PB 0x000000059f000000| Untracked 
| 319|0x000000059f800000, 0x000000059f800000, 0x00000005a0000000|  0%| F|  |TAMS 0x000000059f800000| PB 0x000000059f800000| Untracked 
| 320|0x00000005a0000000, 0x00000005a0000000, 0x00000005a0800000|  0%| F|  |TAMS 0x00000005a0000000| PB 0x00000005a0000000| Untracked 
| 321|0x00000005a0800000, 0x00000005a0800000, 0x00000005a1000000|  0%| F|  |TAMS 0x00000005a0800000| PB 0x00000005a0800000| Untracked 
| 322|0x00000005a1000000, 0x00000005a1000000, 0x00000005a1800000|  0%| F|  |TAMS 0x00000005a1000000| PB 0x00000005a1000000| Untracked 
| 323|0x00000005a1800000, 0x00000005a1800000, 0x00000005a2000000|  0%| F|  |TAMS 0x00000005a1800000| PB 0x00000005a1800000| Untracked 
| 324|0x00000005a2000000, 0x00000005a2000000, 0x00000005a2800000|  0%| F|  |TAMS 0x00000005a2000000| PB 0x00000005a2000000| Untracked 
| 325|0x00000005a2800000, 0x00000005a2800000, 0x00000005a3000000|  0%| F|  |TAMS 0x00000005a2800000| PB 0x00000005a2800000| Untracked 
| 326|0x00000005a3000000, 0x00000005a3000000, 0x00000005a3800000|  0%| F|  |TAMS 0x00000005a3000000| PB 0x00000005a3000000| Untracked 
| 327|0x00000005a3800000, 0x00000005a3800000, 0x00000005a4000000|  0%| F|  |TAMS 0x00000005a3800000| PB 0x00000005a3800000| Untracked 
| 328|0x00000005a4000000, 0x00000005a4000000, 0x00000005a4800000|  0%| F|  |TAMS 0x00000005a4000000| PB 0x00000005a4000000| Untracked 
| 329|0x00000005a4800000, 0x00000005a4800000, 0x00000005a5000000|  0%| F|  |TAMS 0x00000005a4800000| PB 0x00000005a4800000| Untracked 
| 330|0x00000005a5000000, 0x00000005a5000000, 0x00000005a5800000|  0%| F|  |TAMS 0x00000005a5000000| PB 0x00000005a5000000| Untracked 
| 331|0x00000005a5800000, 0x00000005a5800000, 0x00000005a6000000|  0%| F|  |TAMS 0x00000005a5800000| PB 0x00000005a5800000| Untracked 
| 332|0x00000005a6000000, 0x00000005a6000000, 0x00000005a6800000|  0%| F|  |TAMS 0x00000005a6000000| PB 0x00000005a6000000| Untracked 
| 333|0x00000005a6800000, 0x00000005a6800000, 0x00000005a7000000|  0%| F|  |TAMS 0x00000005a6800000| PB 0x00000005a6800000| Untracked 
| 334|0x00000005a7000000, 0x00000005a7000000, 0x00000005a7800000|  0%| F|  |TAMS 0x00000005a7000000| PB 0x00000005a7000000| Untracked 
| 335|0x00000005a7800000, 0x00000005a7800000, 0x00000005a8000000|  0%| F|  |TAMS 0x00000005a7800000| PB 0x00000005a7800000| Untracked 
| 336|0x00000005a8000000, 0x00000005a8000000, 0x00000005a8800000|  0%| F|  |TAMS 0x00000005a8000000| PB 0x00000005a8000000| Untracked 
| 337|0x00000005a8800000, 0x00000005a8800000, 0x00000005a9000000|  0%| F|  |TAMS 0x00000005a8800000| PB 0x00000005a8800000| Untracked 
| 338|0x00000005a9000000, 0x00000005a9000000, 0x00000005a9800000|  0%| F|  |TAMS 0x00000005a9000000| PB 0x00000005a9000000| Untracked 
| 339|0x00000005a9800000, 0x00000005a9800000, 0x00000005aa000000|  0%| F|  |TAMS 0x00000005a9800000| PB 0x00000005a9800000| Untracked 
| 340|0x00000005aa000000, 0x00000005aa000000, 0x00000005aa800000|  0%| F|  |TAMS 0x00000005aa000000| PB 0x00000005aa000000| Untracked 
| 341|0x00000005aa800000, 0x00000005aa800000, 0x00000005ab000000|  0%| F|  |TAMS 0x00000005aa800000| PB 0x00000005aa800000| Untracked 
| 342|0x00000005ab000000, 0x00000005ab000000, 0x00000005ab800000|  0%| F|  |TAMS 0x00000005ab000000| PB 0x00000005ab000000| Untracked 
| 343|0x00000005ab800000, 0x00000005ab800000, 0x00000005ac000000|  0%| F|  |TAMS 0x00000005ab800000| PB 0x00000005ab800000| Untracked 
| 344|0x00000005ac000000, 0x00000005ac000000, 0x00000005ac800000|  0%| F|  |TAMS 0x00000005ac000000| PB 0x00000005ac000000| Untracked 
| 345|0x00000005ac800000, 0x00000005ac800000, 0x00000005ad000000|  0%| F|  |TAMS 0x00000005ac800000| PB 0x00000005ac800000| Untracked 
| 346|0x00000005ad000000, 0x00000005ad000000, 0x00000005ad800000|  0%| F|  |TAMS 0x00000005ad000000| PB 0x00000005ad000000| Untracked 
| 347|0x00000005ad800000, 0x00000005ad800000, 0x00000005ae000000|  0%| F|  |TAMS 0x00000005ad800000| PB 0x00000005ad800000| Untracked 
| 348|0x00000005ae000000, 0x00000005ae000000, 0x00000005ae800000|  0%| F|  |TAMS 0x00000005ae000000| PB 0x00000005ae000000| Untracked 
| 349|0x00000005ae800000, 0x00000005ae800000, 0x00000005af000000|  0%| F|  |TAMS 0x00000005ae800000| PB 0x00000005ae800000| Untracked 
| 350|0x00000005af000000, 0x00000005af000000, 0x00000005af800000|  0%| F|  |TAMS 0x00000005af000000| PB 0x00000005af000000| Untracked 
| 351|0x00000005af800000, 0x00000005af800000, 0x00000005b0000000|  0%| F|  |TAMS 0x00000005af800000| PB 0x00000005af800000| Untracked 
| 352|0x00000005b0000000, 0x00000005b0000000, 0x00000005b0800000|  0%| F|  |TAMS 0x00000005b0000000| PB 0x00000005b0000000| Untracked 
| 353|0x00000005b0800000, 0x00000005b0800000, 0x00000005b1000000|  0%| F|  |TAMS 0x00000005b0800000| PB 0x00000005b0800000| Untracked 
| 354|0x00000005b1000000, 0x00000005b1000000, 0x00000005b1800000|  0%| F|  |TAMS 0x00000005b1000000| PB 0x00000005b1000000| Untracked 
| 355|0x00000005b1800000, 0x00000005b1800000, 0x00000005b2000000|  0%| F|  |TAMS 0x00000005b1800000| PB 0x00000005b1800000| Untracked 
| 356|0x00000005b2000000, 0x00000005b2000000, 0x00000005b2800000|  0%| F|  |TAMS 0x00000005b2000000| PB 0x00000005b2000000| Untracked 
| 357|0x00000005b2800000, 0x00000005b2800000, 0x00000005b3000000|  0%| F|  |TAMS 0x00000005b2800000| PB 0x00000005b2800000| Untracked 
| 358|0x00000005b3000000, 0x00000005b3000000, 0x00000005b3800000|  0%| F|  |TAMS 0x00000005b3000000| PB 0x00000005b3000000| Untracked 
| 359|0x00000005b3800000, 0x00000005b3800000, 0x00000005b4000000|  0%| F|  |TAMS 0x00000005b3800000| PB 0x00000005b3800000| Untracked 
| 360|0x00000005b4000000, 0x00000005b4000000, 0x00000005b4800000|  0%| F|  |TAMS 0x00000005b4000000| PB 0x00000005b4000000| Untracked 
| 361|0x00000005b4800000, 0x00000005b4800000, 0x00000005b5000000|  0%| F|  |TAMS 0x00000005b4800000| PB 0x00000005b4800000| Untracked 
| 362|0x00000005b5000000, 0x00000005b5000000, 0x00000005b5800000|  0%| F|  |TAMS 0x00000005b5000000| PB 0x00000005b5000000| Untracked 
| 363|0x00000005b5800000, 0x00000005b5800000, 0x00000005b6000000|  0%| F|  |TAMS 0x00000005b5800000| PB 0x00000005b5800000| Untracked 
| 364|0x00000005b6000000, 0x00000005b6000000, 0x00000005b6800000|  0%| F|  |TAMS 0x00000005b6000000| PB 0x00000005b6000000| Untracked 
| 365|0x00000005b6800000, 0x00000005b6800000, 0x00000005b7000000|  0%| F|  |TAMS 0x00000005b6800000| PB 0x00000005b6800000| Untracked 
| 366|0x00000005b7000000, 0x00000005b7000000, 0x00000005b7800000|  0%| F|  |TAMS 0x00000005b7000000| PB 0x00000005b7000000| Untracked 
| 367|0x00000005b7800000, 0x00000005b7800000, 0x00000005b8000000|  0%| F|  |TAMS 0x00000005b7800000| PB 0x00000005b7800000| Untracked 
| 368|0x00000005b8000000, 0x00000005b8000000, 0x00000005b8800000|  0%| F|  |TAMS 0x00000005b8000000| PB 0x00000005b8000000| Untracked 
| 369|0x00000005b8800000, 0x00000005b8800000, 0x00000005b9000000|  0%| F|  |TAMS 0x00000005b8800000| PB 0x00000005b8800000| Untracked 
| 370|0x00000005b9000000, 0x00000005b9000000, 0x00000005b9800000|  0%| F|  |TAMS 0x00000005b9000000| PB 0x00000005b9000000| Untracked 
| 371|0x00000005b9800000, 0x00000005b9800000, 0x00000005ba000000|  0%| F|  |TAMS 0x00000005b9800000| PB 0x00000005b9800000| Untracked 
| 372|0x00000005ba000000, 0x00000005ba000000, 0x00000005ba800000|  0%| F|  |TAMS 0x00000005ba000000| PB 0x00000005ba000000| Untracked 
| 373|0x00000005ba800000, 0x00000005ba800000, 0x00000005bb000000|  0%| F|  |TAMS 0x00000005ba800000| PB 0x00000005ba800000| Untracked 
| 374|0x00000005bb000000, 0x00000005bb000000, 0x00000005bb800000|  0%| F|  |TAMS 0x00000005bb000000| PB 0x00000005bb000000| Untracked 
| 375|0x00000005bb800000, 0x00000005bb800000, 0x00000005bc000000|  0%| F|  |TAMS 0x00000005bb800000| PB 0x00000005bb800000| Untracked 
| 376|0x00000005bc000000, 0x00000005bc000000, 0x00000005bc800000|  0%| F|  |TAMS 0x00000005bc000000| PB 0x00000005bc000000| Untracked 
| 377|0x00000005bc800000, 0x00000005bc800000, 0x00000005bd000000|  0%| F|  |TAMS 0x00000005bc800000| PB 0x00000005bc800000| Untracked 
| 378|0x00000005bd000000, 0x00000005bd000000, 0x00000005bd800000|  0%| F|  |TAMS 0x00000005bd000000| PB 0x00000005bd000000| Untracked 
| 379|0x00000005bd800000, 0x00000005bd800000, 0x00000005be000000|  0%| F|  |TAMS 0x00000005bd800000| PB 0x00000005bd800000| Untracked 
| 380|0x00000005be000000, 0x00000005be000000, 0x00000005be800000|  0%| F|  |TAMS 0x00000005be000000| PB 0x00000005be000000| Untracked 
| 381|0x00000005be800000, 0x00000005be800000, 0x00000005bf000000|  0%| F|  |TAMS 0x00000005be800000| PB 0x00000005be800000| Untracked 
| 382|0x00000005bf000000, 0x00000005bf000000, 0x00000005bf800000|  0%| F|  |TAMS 0x00000005bf000000| PB 0x00000005bf000000| Untracked 
| 383|0x00000005bf800000, 0x00000005bf800000, 0x00000005c0000000|  0%| F|  |TAMS 0x00000005bf800000| PB 0x00000005bf800000| Untracked 
| 384|0x00000005c0000000, 0x00000005c0000000, 0x00000005c0800000|  0%| F|  |TAMS 0x00000005c0000000| PB 0x00000005c0000000| Untracked 
| 385|0x00000005c0800000, 0x00000005c0800000, 0x00000005c1000000|  0%| F|  |TAMS 0x00000005c0800000| PB 0x00000005c0800000| Untracked 
| 386|0x00000005c1000000, 0x00000005c1000000, 0x00000005c1800000|  0%| F|  |TAMS 0x00000005c1000000| PB 0x00000005c1000000| Untracked 
| 387|0x00000005c1800000, 0x00000005c1800000, 0x00000005c2000000|  0%| F|  |TAMS 0x00000005c1800000| PB 0x00000005c1800000| Untracked 
| 388|0x00000005c2000000, 0x00000005c2000000, 0x00000005c2800000|  0%| F|  |TAMS 0x00000005c2000000| PB 0x00000005c2000000| Untracked 
| 389|0x00000005c2800000, 0x00000005c2800000, 0x00000005c3000000|  0%| F|  |TAMS 0x00000005c2800000| PB 0x00000005c2800000| Untracked 
| 390|0x00000005c3000000, 0x00000005c3000000, 0x00000005c3800000|  0%| F|  |TAMS 0x00000005c3000000| PB 0x00000005c3000000| Untracked 
| 391|0x00000005c3800000, 0x00000005c3800000, 0x00000005c4000000|  0%| F|  |TAMS 0x00000005c3800000| PB 0x00000005c3800000| Untracked 
| 392|0x00000005c4000000, 0x00000005c4000000, 0x00000005c4800000|  0%| F|  |TAMS 0x00000005c4000000| PB 0x00000005c4000000| Untracked 
| 393|0x00000005c4800000, 0x00000005c4800000, 0x00000005c5000000|  0%| F|  |TAMS 0x00000005c4800000| PB 0x00000005c4800000| Untracked 
| 394|0x00000005c5000000, 0x00000005c5000000, 0x00000005c5800000|  0%| F|  |TAMS 0x00000005c5000000| PB 0x00000005c5000000| Untracked 
| 395|0x00000005c5800000, 0x00000005c5800000, 0x00000005c6000000|  0%| F|  |TAMS 0x00000005c5800000| PB 0x00000005c5800000| Untracked 
| 396|0x00000005c6000000, 0x00000005c6000000, 0x00000005c6800000|  0%| F|  |TAMS 0x00000005c6000000| PB 0x00000005c6000000| Untracked 
| 397|0x00000005c6800000, 0x00000005c6800000, 0x00000005c7000000|  0%| F|  |TAMS 0x00000005c6800000| PB 0x00000005c6800000| Untracked 
| 398|0x00000005c7000000, 0x00000005c7000000, 0x00000005c7800000|  0%| F|  |TAMS 0x00000005c7000000| PB 0x00000005c7000000| Untracked 
| 399|0x00000005c7800000, 0x00000005c7800000, 0x00000005c8000000|  0%| F|  |TAMS 0x00000005c7800000| PB 0x00000005c7800000| Untracked 
| 400|0x00000005c8000000, 0x00000005c8000000, 0x00000005c8800000|  0%| F|  |TAMS 0x00000005c8000000| PB 0x00000005c8000000| Untracked 
| 401|0x00000005c8800000, 0x00000005c8800000, 0x00000005c9000000|  0%| F|  |TAMS 0x00000005c8800000| PB 0x00000005c8800000| Untracked 
| 402|0x00000005c9000000, 0x00000005c9000000, 0x00000005c9800000|  0%| F|  |TAMS 0x00000005c9000000| PB 0x00000005c9000000| Untracked 
| 403|0x00000005c9800000, 0x00000005c9800000, 0x00000005ca000000|  0%| F|  |TAMS 0x00000005c9800000| PB 0x00000005c9800000| Untracked 
| 404|0x00000005ca000000, 0x00000005ca000000, 0x00000005ca800000|  0%| F|  |TAMS 0x00000005ca000000| PB 0x00000005ca000000| Untracked 
| 405|0x00000005ca800000, 0x00000005ca800000, 0x00000005cb000000|  0%| F|  |TAMS 0x00000005ca800000| PB 0x00000005ca800000| Untracked 
| 406|0x00000005cb000000, 0x00000005cb000000, 0x00000005cb800000|  0%| F|  |TAMS 0x00000005cb000000| PB 0x00000005cb000000| Untracked 
| 407|0x00000005cb800000, 0x00000005cb800000, 0x00000005cc000000|  0%| F|  |TAMS 0x00000005cb800000| PB 0x00000005cb800000| Untracked 
| 408|0x00000005cc000000, 0x00000005cc000000, 0x00000005cc800000|  0%| F|  |TAMS 0x00000005cc000000| PB 0x00000005cc000000| Untracked 
| 409|0x00000005cc800000, 0x00000005cc800000, 0x00000005cd000000|  0%| F|  |TAMS 0x00000005cc800000| PB 0x00000005cc800000| Untracked 
| 410|0x00000005cd000000, 0x00000005cd000000, 0x00000005cd800000|  0%| F|  |TAMS 0x00000005cd000000| PB 0x00000005cd000000| Untracked 
| 411|0x00000005cd800000, 0x00000005cd800000, 0x00000005ce000000|  0%| F|  |TAMS 0x00000005cd800000| PB 0x00000005cd800000| Untracked 
| 412|0x00000005ce000000, 0x00000005ce000000, 0x00000005ce800000|  0%| F|  |TAMS 0x00000005ce000000| PB 0x00000005ce000000| Untracked 
| 413|0x00000005ce800000, 0x00000005ce800000, 0x00000005cf000000|  0%| F|  |TAMS 0x00000005ce800000| PB 0x00000005ce800000| Untracked 
| 414|0x00000005cf000000, 0x00000005cf000000, 0x00000005cf800000|  0%| F|  |TAMS 0x00000005cf000000| PB 0x00000005cf000000| Untracked 
| 415|0x00000005cf800000, 0x00000005cf800000, 0x00000005d0000000|  0%| F|  |TAMS 0x00000005cf800000| PB 0x00000005cf800000| Untracked 
| 416|0x00000005d0000000, 0x00000005d0000000, 0x00000005d0800000|  0%| F|  |TAMS 0x00000005d0000000| PB 0x00000005d0000000| Untracked 
| 417|0x00000005d0800000, 0x00000005d0800000, 0x00000005d1000000|  0%| F|  |TAMS 0x00000005d0800000| PB 0x00000005d0800000| Untracked 
| 418|0x00000005d1000000, 0x00000005d1000000, 0x00000005d1800000|  0%| F|  |TAMS 0x00000005d1000000| PB 0x00000005d1000000| Untracked 
| 419|0x00000005d1800000, 0x00000005d1800000, 0x00000005d2000000|  0%| F|  |TAMS 0x00000005d1800000| PB 0x00000005d1800000| Untracked 
| 420|0x00000005d2000000, 0x00000005d2000000, 0x00000005d2800000|  0%| F|  |TAMS 0x00000005d2000000| PB 0x00000005d2000000| Untracked 
| 421|0x00000005d2800000, 0x00000005d2800000, 0x00000005d3000000|  0%| F|  |TAMS 0x00000005d2800000| PB 0x00000005d2800000| Untracked 
| 422|0x00000005d3000000, 0x00000005d3000000, 0x00000005d3800000|  0%| F|  |TAMS 0x00000005d3000000| PB 0x00000005d3000000| Untracked 
| 423|0x00000005d3800000, 0x00000005d3800000, 0x00000005d4000000|  0%| F|  |TAMS 0x00000005d3800000| PB 0x00000005d3800000| Untracked 
| 424|0x00000005d4000000, 0x00000005d4000000, 0x00000005d4800000|  0%| F|  |TAMS 0x00000005d4000000| PB 0x00000005d4000000| Untracked 
| 425|0x00000005d4800000, 0x00000005d4800000, 0x00000005d5000000|  0%| F|  |TAMS 0x00000005d4800000| PB 0x00000005d4800000| Untracked 
| 426|0x00000005d5000000, 0x00000005d5000000, 0x00000005d5800000|  0%| F|  |TAMS 0x00000005d5000000| PB 0x00000005d5000000| Untracked 
| 427|0x00000005d5800000, 0x00000005d5800000, 0x00000005d6000000|  0%| F|  |TAMS 0x00000005d5800000| PB 0x00000005d5800000| Untracked 
| 428|0x00000005d6000000, 0x00000005d6000000, 0x00000005d6800000|  0%| F|  |TAMS 0x00000005d6000000| PB 0x00000005d6000000| Untracked 
| 429|0x00000005d6800000, 0x00000005d6800000, 0x00000005d7000000|  0%| F|  |TAMS 0x00000005d6800000| PB 0x00000005d6800000| Untracked 
| 430|0x00000005d7000000, 0x00000005d7000000, 0x00000005d7800000|  0%| F|  |TAMS 0x00000005d7000000| PB 0x00000005d7000000| Untracked 
| 431|0x00000005d7800000, 0x00000005d7800000, 0x00000005d8000000|  0%| F|  |TAMS 0x00000005d7800000| PB 0x00000005d7800000| Untracked 
| 432|0x00000005d8000000, 0x00000005d8000000, 0x00000005d8800000|  0%| F|  |TAMS 0x00000005d8000000| PB 0x00000005d8000000| Untracked 
| 433|0x00000005d8800000, 0x00000005d8800000, 0x00000005d9000000|  0%| F|  |TAMS 0x00000005d8800000| PB 0x00000005d8800000| Untracked 
| 434|0x00000005d9000000, 0x00000005d9000000, 0x00000005d9800000|  0%| F|  |TAMS 0x00000005d9000000| PB 0x00000005d9000000| Untracked 
| 435|0x00000005d9800000, 0x00000005d9800000, 0x00000005da000000|  0%| F|  |TAMS 0x00000005d9800000| PB 0x00000005d9800000| Untracked 
| 436|0x00000005da000000, 0x00000005da000000, 0x00000005da800000|  0%| F|  |TAMS 0x00000005da000000| PB 0x00000005da000000| Untracked 
| 437|0x00000005da800000, 0x00000005da800000, 0x00000005db000000|  0%| F|  |TAMS 0x00000005da800000| PB 0x00000005da800000| Untracked 
| 438|0x00000005db000000, 0x00000005db000000, 0x00000005db800000|  0%| F|  |TAMS 0x00000005db000000| PB 0x00000005db000000| Untracked 
| 439|0x00000005db800000, 0x00000005db800000, 0x00000005dc000000|  0%| F|  |TAMS 0x00000005db800000| PB 0x00000005db800000| Untracked 
| 440|0x00000005dc000000, 0x00000005dc000000, 0x00000005dc800000|  0%| F|  |TAMS 0x00000005dc000000| PB 0x00000005dc000000| Untracked 
| 441|0x00000005dc800000, 0x00000005dc800000, 0x00000005dd000000|  0%| F|  |TAMS 0x00000005dc800000| PB 0x00000005dc800000| Untracked 
| 442|0x00000005dd000000, 0x00000005dd000000, 0x00000005dd800000|  0%| F|  |TAMS 0x00000005dd000000| PB 0x00000005dd000000| Untracked 
| 443|0x00000005dd800000, 0x00000005dd800000, 0x00000005de000000|  0%| F|  |TAMS 0x00000005dd800000| PB 0x00000005dd800000| Untracked 
| 444|0x00000005de000000, 0x00000005de000000, 0x00000005de800000|  0%| F|  |TAMS 0x00000005de000000| PB 0x00000005de000000| Untracked 
| 445|0x00000005de800000, 0x00000005de800000, 0x00000005df000000|  0%| F|  |TAMS 0x00000005de800000| PB 0x00000005de800000| Untracked 
| 446|0x00000005df000000, 0x00000005df000000, 0x00000005df800000|  0%| F|  |TAMS 0x00000005df000000| PB 0x00000005df000000| Untracked 
| 447|0x00000005df800000, 0x00000005dff7e158, 0x00000005e0000000| 93%| S|CS|TAMS 0x00000005df800000| PB 0x00000005df800000| Complete 
| 448|0x00000005e0000000, 0x00000005e0800000, 0x00000005e0800000|100%| S|CS|TAMS 0x00000005e0000000| PB 0x00000005e0000000| Complete 
| 449|0x00000005e0800000, 0x00000005e1000000, 0x00000005e1000000|100%| S|CS|TAMS 0x00000005e0800000| PB 0x00000005e0800000| Complete 
| 450|0x00000005e1000000, 0x00000005e1800000, 0x00000005e1800000|100%| S|CS|TAMS 0x00000005e1000000| PB 0x00000005e1000000| Complete 
| 451|0x00000005e1800000, 0x00000005e1800000, 0x00000005e2000000|  0%| F|  |TAMS 0x00000005e1800000| PB 0x00000005e1800000| Untracked 
| 452|0x00000005e2000000, 0x00000005e2000000, 0x00000005e2800000|  0%| F|  |TAMS 0x00000005e2000000| PB 0x00000005e2000000| Untracked 
| 453|0x00000005e2800000, 0x00000005e2800000, 0x00000005e3000000|  0%| F|  |TAMS 0x00000005e2800000| PB 0x00000005e2800000| Untracked 
| 454|0x00000005e3000000, 0x00000005e3000000, 0x00000005e3800000|  0%| F|  |TAMS 0x00000005e3000000| PB 0x00000005e3000000| Untracked 
| 455|0x00000005e3800000, 0x00000005e3800000, 0x00000005e4000000|  0%| F|  |TAMS 0x00000005e3800000| PB 0x00000005e3800000| Untracked 
| 456|0x00000005e4000000, 0x00000005e4000000, 0x00000005e4800000|  0%| F|  |TAMS 0x00000005e4000000| PB 0x00000005e4000000| Untracked 
| 457|0x00000005e4800000, 0x00000005e4800000, 0x00000005e5000000|  0%| F|  |TAMS 0x00000005e4800000| PB 0x00000005e4800000| Untracked 
| 458|0x00000005e5000000, 0x00000005e5000000, 0x00000005e5800000|  0%| F|  |TAMS 0x00000005e5000000| PB 0x00000005e5000000| Untracked 
| 459|0x00000005e5800000, 0x00000005e5800000, 0x00000005e6000000|  0%| F|  |TAMS 0x00000005e5800000| PB 0x00000005e5800000| Untracked 
| 460|0x00000005e6000000, 0x00000005e6000000, 0x00000005e6800000|  0%| F|  |TAMS 0x00000005e6000000| PB 0x00000005e6000000| Untracked 
| 461|0x00000005e6800000, 0x00000005e6800000, 0x00000005e7000000|  0%| F|  |TAMS 0x00000005e6800000| PB 0x00000005e6800000| Untracked 
| 462|0x00000005e7000000, 0x00000005e7000000, 0x00000005e7800000|  0%| F|  |TAMS 0x00000005e7000000| PB 0x00000005e7000000| Untracked 
| 463|0x00000005e7800000, 0x00000005e7800000, 0x00000005e8000000|  0%| F|  |TAMS 0x00000005e7800000| PB 0x00000005e7800000| Untracked 
| 464|0x00000005e8000000, 0x00000005e8000000, 0x00000005e8800000|  0%| F|  |TAMS 0x00000005e8000000| PB 0x00000005e8000000| Untracked 
| 465|0x00000005e8800000, 0x00000005e8800000, 0x00000005e9000000|  0%| F|  |TAMS 0x00000005e8800000| PB 0x00000005e8800000| Untracked 
| 466|0x00000005e9000000, 0x00000005e9000000, 0x00000005e9800000|  0%| F|  |TAMS 0x00000005e9000000| PB 0x00000005e9000000| Untracked 
| 467|0x00000005e9800000, 0x00000005e9800000, 0x00000005ea000000|  0%| F|  |TAMS 0x00000005e9800000| PB 0x00000005e9800000| Untracked 
| 468|0x00000005ea000000, 0x00000005ea000000, 0x00000005ea800000|  0%| F|  |TAMS 0x00000005ea000000| PB 0x00000005ea000000| Untracked 
| 469|0x00000005ea800000, 0x00000005ea800000, 0x00000005eb000000|  0%| F|  |TAMS 0x00000005ea800000| PB 0x00000005ea800000| Untracked 
| 470|0x00000005eb000000, 0x00000005eb000000, 0x00000005eb800000|  0%| F|  |TAMS 0x00000005eb000000| PB 0x00000005eb000000| Untracked 
| 471|0x00000005eb800000, 0x00000005eb800000, 0x00000005ec000000|  0%| F|  |TAMS 0x00000005eb800000| PB 0x00000005eb800000| Untracked 
| 472|0x00000005ec000000, 0x00000005ec000000, 0x00000005ec800000|  0%| F|  |TAMS 0x00000005ec000000| PB 0x00000005ec000000| Untracked 
| 473|0x00000005ec800000, 0x00000005ec800000, 0x00000005ed000000|  0%| F|  |TAMS 0x00000005ec800000| PB 0x00000005ec800000| Untracked 
| 474|0x00000005ed000000, 0x00000005ed000000, 0x00000005ed800000|  0%| F|  |TAMS 0x00000005ed000000| PB 0x00000005ed000000| Untracked 
| 475|0x00000005ed800000, 0x00000005ed800000, 0x00000005ee000000|  0%| F|  |TAMS 0x00000005ed800000| PB 0x00000005ed800000| Untracked 
| 476|0x00000005ee000000, 0x00000005ee000000, 0x00000005ee800000|  0%| F|  |TAMS 0x00000005ee000000| PB 0x00000005ee000000| Untracked 
| 477|0x00000005ee800000, 0x00000005ee800000, 0x00000005ef000000|  0%| F|  |TAMS 0x00000005ee800000| PB 0x00000005ee800000| Untracked 
| 478|0x00000005ef000000, 0x00000005ef000000, 0x00000005ef800000|  0%| F|  |TAMS 0x00000005ef000000| PB 0x00000005ef000000| Untracked 
| 479|0x00000005ef800000, 0x00000005ef800000, 0x00000005f0000000|  0%| F|  |TAMS 0x00000005ef800000| PB 0x00000005ef800000| Untracked 
| 480|0x00000005f0000000, 0x00000005f0000000, 0x00000005f0800000|  0%| F|  |TAMS 0x00000005f0000000| PB 0x00000005f0000000| Untracked 
| 481|0x00000005f0800000, 0x00000005f0800000, 0x00000005f1000000|  0%| F|  |TAMS 0x00000005f0800000| PB 0x00000005f0800000| Untracked 
| 482|0x00000005f1000000, 0x00000005f1000000, 0x00000005f1800000|  0%| F|  |TAMS 0x00000005f1000000| PB 0x00000005f1000000| Untracked 
| 483|0x00000005f1800000, 0x00000005f1800000, 0x00000005f2000000|  0%| F|  |TAMS 0x00000005f1800000| PB 0x00000005f1800000| Untracked 
| 484|0x00000005f2000000, 0x00000005f2000000, 0x00000005f2800000|  0%| F|  |TAMS 0x00000005f2000000| PB 0x00000005f2000000| Untracked 
| 485|0x00000005f2800000, 0x00000005f2800000, 0x00000005f3000000|  0%| F|  |TAMS 0x00000005f2800000| PB 0x00000005f2800000| Untracked 
| 486|0x00000005f3000000, 0x00000005f3000000, 0x00000005f3800000|  0%| F|  |TAMS 0x00000005f3000000| PB 0x00000005f3000000| Untracked 
| 487|0x00000005f3800000, 0x00000005f3800000, 0x00000005f4000000|  0%| F|  |TAMS 0x00000005f3800000| PB 0x00000005f3800000| Untracked 
| 488|0x00000005f4000000, 0x00000005f4000000, 0x00000005f4800000|  0%| F|  |TAMS 0x00000005f4000000| PB 0x00000005f4000000| Untracked 
| 489|0x00000005f4800000, 0x00000005f4800000, 0x00000005f5000000|  0%| F|  |TAMS 0x00000005f4800000| PB 0x00000005f4800000| Untracked 
| 490|0x00000005f5000000, 0x00000005f5000000, 0x00000005f5800000|  0%| F|  |TAMS 0x00000005f5000000| PB 0x00000005f5000000| Untracked 
| 491|0x00000005f5800000, 0x00000005f5800000, 0x00000005f6000000|  0%| F|  |TAMS 0x00000005f5800000| PB 0x00000005f5800000| Untracked 
| 492|0x00000005f6000000, 0x00000005f6000000, 0x00000005f6800000|  0%| F|  |TAMS 0x00000005f6000000| PB 0x00000005f6000000| Untracked 
| 493|0x00000005f6800000, 0x00000005f6800000, 0x00000005f7000000|  0%| F|  |TAMS 0x00000005f6800000| PB 0x00000005f6800000| Untracked 
| 494|0x00000005f7000000, 0x00000005f7000000, 0x00000005f7800000|  0%| F|  |TAMS 0x00000005f7000000| PB 0x00000005f7000000| Untracked 
| 495|0x00000005f7800000, 0x00000005f7800000, 0x00000005f8000000|  0%| F|  |TAMS 0x00000005f7800000| PB 0x00000005f7800000| Untracked 
| 496|0x00000005f8000000, 0x00000005f8000000, 0x00000005f8800000|  0%| F|  |TAMS 0x00000005f8000000| PB 0x00000005f8000000| Untracked 
| 497|0x00000005f8800000, 0x00000005f8800000, 0x00000005f9000000|  0%| F|  |TAMS 0x00000005f8800000| PB 0x00000005f8800000| Untracked 
| 498|0x00000005f9000000, 0x00000005f9000000, 0x00000005f9800000|  0%| F|  |TAMS 0x00000005f9000000| PB 0x00000005f9000000| Untracked 
| 499|0x00000005f9800000, 0x00000005f9800000, 0x00000005fa000000|  0%| F|  |TAMS 0x00000005f9800000| PB 0x00000005f9800000| Untracked 
| 500|0x00000005fa000000, 0x00000005fa000000, 0x00000005fa800000|  0%| F|  |TAMS 0x00000005fa000000| PB 0x00000005fa000000| Untracked 
| 501|0x00000005fa800000, 0x00000005fa800000, 0x00000005fb000000|  0%| F|  |TAMS 0x00000005fa800000| PB 0x00000005fa800000| Untracked 
| 502|0x00000005fb000000, 0x00000005fb000000, 0x00000005fb800000|  0%| F|  |TAMS 0x00000005fb000000| PB 0x00000005fb000000| Untracked 
| 503|0x00000005fb800000, 0x00000005fb800000, 0x00000005fc000000|  0%| F|  |TAMS 0x00000005fb800000| PB 0x00000005fb800000| Untracked 
| 504|0x00000005fc000000, 0x00000005fc000000, 0x00000005fc800000|  0%| F|  |TAMS 0x00000005fc000000| PB 0x00000005fc000000| Untracked 
| 505|0x00000005fc800000, 0x00000005fc800000, 0x00000005fd000000|  0%| F|  |TAMS 0x00000005fc800000| PB 0x00000005fc800000| Untracked 
| 506|0x00000005fd000000, 0x00000005fd000000, 0x00000005fd800000|  0%| F|  |TAMS 0x00000005fd000000| PB 0x00000005fd000000| Untracked 
| 507|0x00000005fd800000, 0x00000005fd800000, 0x00000005fe000000|  0%| F|  |TAMS 0x00000005fd800000| PB 0x00000005fd800000| Untracked 
| 508|0x00000005fe000000, 0x00000005fe000000, 0x00000005fe800000|  0%| F|  |TAMS 0x00000005fe000000| PB 0x00000005fe000000| Untracked 
| 509|0x00000005fe800000, 0x00000005fe800000, 0x00000005ff000000|  0%| F|  |TAMS 0x00000005fe800000| PB 0x00000005fe800000| Untracked 
| 510|0x00000005ff000000, 0x00000005ff000000, 0x00000005ff800000|  0%| F|  |TAMS 0x00000005ff000000| PB 0x00000005ff000000| Untracked 
| 511|0x00000005ff800000, 0x00000005ff800000, 0x0000000600000000|  0%| F|  |TAMS 0x00000005ff800000| PB 0x00000005ff800000| Untracked 
| 512|0x0000000600000000, 0x0000000600000000, 0x0000000600800000|  0%| F|  |TAMS 0x0000000600000000| PB 0x0000000600000000| Untracked 
| 513|0x0000000600800000, 0x0000000600800000, 0x0000000601000000|  0%| F|  |TAMS 0x0000000600800000| PB 0x0000000600800000| Untracked 
| 514|0x0000000601000000, 0x0000000601000000, 0x0000000601800000|  0%| F|  |TAMS 0x0000000601000000| PB 0x0000000601000000| Untracked 
| 515|0x0000000601800000, 0x0000000601800000, 0x0000000602000000|  0%| F|  |TAMS 0x0000000601800000| PB 0x0000000601800000| Untracked 
| 516|0x0000000602000000, 0x0000000602000000, 0x0000000602800000|  0%| F|  |TAMS 0x0000000602000000| PB 0x0000000602000000| Untracked 
| 517|0x0000000602800000, 0x0000000602800000, 0x0000000603000000|  0%| F|  |TAMS 0x0000000602800000| PB 0x0000000602800000| Untracked 
| 518|0x0000000603000000, 0x0000000603000000, 0x0000000603800000|  0%| F|  |TAMS 0x0000000603000000| PB 0x0000000603000000| Untracked 
| 519|0x0000000603800000, 0x0000000603800000, 0x0000000604000000|  0%| F|  |TAMS 0x0000000603800000| PB 0x0000000603800000| Untracked 
| 520|0x0000000604000000, 0x0000000604000000, 0x0000000604800000|  0%| F|  |TAMS 0x0000000604000000| PB 0x0000000604000000| Untracked 
| 521|0x0000000604800000, 0x0000000604800000, 0x0000000605000000|  0%| F|  |TAMS 0x0000000604800000| PB 0x0000000604800000| Untracked 
| 522|0x0000000605000000, 0x0000000605000000, 0x0000000605800000|  0%| F|  |TAMS 0x0000000605000000| PB 0x0000000605000000| Untracked 
| 523|0x0000000605800000, 0x0000000605800000, 0x0000000606000000|  0%| F|  |TAMS 0x0000000605800000| PB 0x0000000605800000| Untracked 
| 524|0x0000000606000000, 0x0000000606000000, 0x0000000606800000|  0%| F|  |TAMS 0x0000000606000000| PB 0x0000000606000000| Untracked 
| 525|0x0000000606800000, 0x0000000606800000, 0x0000000607000000|  0%| F|  |TAMS 0x0000000606800000| PB 0x0000000606800000| Untracked 
| 526|0x0000000607000000, 0x0000000607000000, 0x0000000607800000|  0%| F|  |TAMS 0x0000000607000000| PB 0x0000000607000000| Untracked 
| 527|0x0000000607800000, 0x0000000607800000, 0x0000000608000000|  0%| F|  |TAMS 0x0000000607800000| PB 0x0000000607800000| Untracked 
| 528|0x0000000608000000, 0x0000000608000000, 0x0000000608800000|  0%| F|  |TAMS 0x0000000608000000| PB 0x0000000608000000| Untracked 
| 529|0x0000000608800000, 0x0000000608800000, 0x0000000609000000|  0%| F|  |TAMS 0x0000000608800000| PB 0x0000000608800000| Untracked 
| 530|0x0000000609000000, 0x0000000609000000, 0x0000000609800000|  0%| F|  |TAMS 0x0000000609000000| PB 0x0000000609000000| Untracked 
| 531|0x0000000609800000, 0x0000000609800000, 0x000000060a000000|  0%| F|  |TAMS 0x0000000609800000| PB 0x0000000609800000| Untracked 
| 532|0x000000060a000000, 0x000000060a000000, 0x000000060a800000|  0%| F|  |TAMS 0x000000060a000000| PB 0x000000060a000000| Untracked 
| 533|0x000000060a800000, 0x000000060a800000, 0x000000060b000000|  0%| F|  |TAMS 0x000000060a800000| PB 0x000000060a800000| Untracked 
| 534|0x000000060b000000, 0x000000060b000000, 0x000000060b800000|  0%| F|  |TAMS 0x000000060b000000| PB 0x000000060b000000| Untracked 
| 535|0x000000060b800000, 0x000000060b800000, 0x000000060c000000|  0%| F|  |TAMS 0x000000060b800000| PB 0x000000060b800000| Untracked 
| 536|0x000000060c000000, 0x000000060c000000, 0x000000060c800000|  0%| F|  |TAMS 0x000000060c000000| PB 0x000000060c000000| Untracked 
| 537|0x000000060c800000, 0x000000060c800000, 0x000000060d000000|  0%| F|  |TAMS 0x000000060c800000| PB 0x000000060c800000| Untracked 
| 538|0x000000060d000000, 0x000000060d000000, 0x000000060d800000|  0%| F|  |TAMS 0x000000060d000000| PB 0x000000060d000000| Untracked 
| 539|0x000000060d800000, 0x000000060d800000, 0x000000060e000000|  0%| F|  |TAMS 0x000000060d800000| PB 0x000000060d800000| Untracked 
| 540|0x000000060e000000, 0x000000060e000000, 0x000000060e800000|  0%| F|  |TAMS 0x000000060e000000| PB 0x000000060e000000| Untracked 
| 541|0x000000060e800000, 0x000000060e800000, 0x000000060f000000|  0%| F|  |TAMS 0x000000060e800000| PB 0x000000060e800000| Untracked 
| 542|0x000000060f000000, 0x000000060f000000, 0x000000060f800000|  0%| F|  |TAMS 0x000000060f000000| PB 0x000000060f000000| Untracked 
| 543|0x000000060f800000, 0x000000060f800000, 0x0000000610000000|  0%| F|  |TAMS 0x000000060f800000| PB 0x000000060f800000| Untracked 
| 544|0x0000000610000000, 0x0000000610000000, 0x0000000610800000|  0%| F|  |TAMS 0x0000000610000000| PB 0x0000000610000000| Untracked 
| 545|0x0000000610800000, 0x0000000610800000, 0x0000000611000000|  0%| F|  |TAMS 0x0000000610800000| PB 0x0000000610800000| Untracked 
| 546|0x0000000611000000, 0x0000000611000000, 0x0000000611800000|  0%| F|  |TAMS 0x0000000611000000| PB 0x0000000611000000| Untracked 
| 547|0x0000000611800000, 0x0000000611800000, 0x0000000612000000|  0%| F|  |TAMS 0x0000000611800000| PB 0x0000000611800000| Untracked 
| 548|0x0000000612000000, 0x0000000612000000, 0x0000000612800000|  0%| F|  |TAMS 0x0000000612000000| PB 0x0000000612000000| Untracked 
| 549|0x0000000612800000, 0x0000000612800000, 0x0000000613000000|  0%| F|  |TAMS 0x0000000612800000| PB 0x0000000612800000| Untracked 
| 550|0x0000000613000000, 0x0000000613000000, 0x0000000613800000|  0%| F|  |TAMS 0x0000000613000000| PB 0x0000000613000000| Untracked 
| 551|0x0000000613800000, 0x0000000613800000, 0x0000000614000000|  0%| F|  |TAMS 0x0000000613800000| PB 0x0000000613800000| Untracked 
| 552|0x0000000614000000, 0x0000000614000000, 0x0000000614800000|  0%| F|  |TAMS 0x0000000614000000| PB 0x0000000614000000| Untracked 
| 553|0x0000000614800000, 0x0000000614800000, 0x0000000615000000|  0%| F|  |TAMS 0x0000000614800000| PB 0x0000000614800000| Untracked 
| 554|0x0000000615000000, 0x0000000615000000, 0x0000000615800000|  0%| F|  |TAMS 0x0000000615000000| PB 0x0000000615000000| Untracked 
| 555|0x0000000615800000, 0x0000000615800000, 0x0000000616000000|  0%| F|  |TAMS 0x0000000615800000| PB 0x0000000615800000| Untracked 
|1514|0x00000007f5000000, 0x00000007f5800000, 0x00000007f5800000|100%| O|  |TAMS 0x00000007f5800000| PB 0x00000007f5800000| Untracked 
|1515|0x00000007f5800000, 0x00000007f5800000, 0x00000007f6000000|  0%| F|  |TAMS 0x00000007f5800000| PB 0x00000007f5800000| Untracked 
|1516|0x00000007f6000000, 0x00000007f6000000, 0x00000007f6800000|  0%| F|  |TAMS 0x00000007f6000000| PB 0x00000007f6000000| Untracked 
|1517|0x00000007f6800000, 0x00000007f7000000, 0x00000007f7000000|100%| O|  |TAMS 0x00000007f7000000| PB 0x00000007f7000000| Updating 
|1518|0x00000007f7000000, 0x00000007f7000000, 0x00000007f7800000|  0%| F|  |TAMS 0x00000007f7000000| PB 0x00000007f7000000| Untracked 
|1519|0x00000007f7800000, 0x00000007f7800000, 0x00000007f8000000|  0%| F|  |TAMS 0x00000007f7800000| PB 0x00000007f7800000| Untracked 
|1520|0x00000007f8000000, 0x00000007f8000000, 0x00000007f8800000|  0%| F|  |TAMS 0x00000007f8000000| PB 0x00000007f8000000| Untracked 
|1521|0x00000007f8800000, 0x00000007f8800000, 0x00000007f9000000|  0%| F|  |TAMS 0x00000007f8800000| PB 0x00000007f8800000| Untracked 
|1522|0x00000007f9000000, 0x00000007f9000000, 0x00000007f9800000|  0%| F|  |TAMS 0x00000007f9000000| PB 0x00000007f9000000| Untracked 
|1523|0x00000007f9800000, 0x00000007f9800000, 0x00000007fa000000|  0%| F|  |TAMS 0x00000007f9800000| PB 0x00000007f9800000| Untracked 
|1524|0x00000007fa000000, 0x00000007fa000000, 0x00000007fa800000|  0%| F|  |TAMS 0x00000007fa000000| PB 0x00000007fa000000| Untracked 
|1525|0x00000007fa800000, 0x00000007fa800000, 0x00000007fb000000|  0%| F|  |TAMS 0x00000007fa800000| PB 0x00000007fa800000| Untracked 
|1526|0x00000007fb000000, 0x00000007fb000000, 0x00000007fb800000|  0%| F|  |TAMS 0x00000007fb000000| PB 0x00000007fb000000| Untracked 
|1527|0x00000007fb800000, 0x00000007fb800000, 0x00000007fc000000|  0%| F|  |TAMS 0x00000007fb800000| PB 0x00000007fb800000| Untracked 
|1528|0x00000007fc000000, 0x00000007fc000000, 0x00000007fc800000|  0%| F|  |TAMS 0x00000007fc000000| PB 0x00000007fc000000| Untracked 
|1529|0x00000007fc800000, 0x00000007fc800000, 0x00000007fd000000|  0%| F|  |TAMS 0x00000007fc800000| PB 0x00000007fc800000| Untracked 
|1530|0x00000007fd000000, 0x00000007fd000000, 0x00000007fd800000|  0%| F|  |TAMS 0x00000007fd000000| PB 0x00000007fd000000| Untracked 
|1531|0x00000007fd800000, 0x00000007fd800000, 0x00000007fe000000|  0%| F|  |TAMS 0x00000007fd800000| PB 0x00000007fd800000| Untracked 
|1532|0x00000007fe000000, 0x00000007fe000000, 0x00000007fe800000|  0%| F|  |TAMS 0x00000007fe000000| PB 0x00000007fe000000| Untracked 
|1533|0x00000007fe800000, 0x00000007fe800000, 0x00000007ff000000|  0%| F|  |TAMS 0x00000007fe800000| PB 0x00000007fe800000| Untracked 
|1534|0x00000007ff000000, 0x00000007ff000000, 0x00000007ff800000|  0%| F|  |TAMS 0x00000007ff000000| PB 0x00000007ff000000| Untracked 
|1535|0x00000007ff800000, 0x0000000800000000, 0x0000000800000000|100%| O|  |TAMS 0x0000000800000000| PB 0x0000000800000000| Untracked 

Card table byte_map: [0x000001807d4f0000,0x000001807ecf0000] _byte_map_base: 0x000001807acf0000

Marking Bits: (CMBitMap*) 0x000001807ed21340
 Bits: [0x000001800f000000, 0x000001801b000000)

Polling page: 0x0000018070a80000

Metaspace:

Usage:
  Non-class:    132.23 MB used.
      Class:     19.38 MB used.
       Both:    151.61 MB used.

Virtual space:
  Non-class space:      192.00 MB reserved,     135.62 MB ( 71%) committed,  3 nodes.
      Class space:        1.00 GB reserved,      21.44 MB (  2%) committed,  1 nodes.
             Both:        1.19 GB reserved,     157.06 MB ( 13%) committed. 

Chunk freelists:
   Non-Class:  9.92 MB
       Class:  11.83 MB
        Both:  21.76 MB

MaxMetaspaceSize: unlimited
CompressedClassSpaceSize: 1.00 GB
Initial GC threshold: 21.00 MB
Current GC threshold: 261.81 MB
CDS: on
 - commit_granule_bytes: 65536.
 - commit_granule_words: 8192.
 - virtual_space_node_default_size: 8388608.
 - enlarge_chunks_in_place: 1.
 - use_allocation_guard: 0.


Internal statistics:

num_allocs_failed_limit: 26.
num_arena_births: 7956.
num_arena_deaths: 4764.
num_vsnodes_births: 4.
num_vsnodes_deaths: 0.
num_space_committed: 2508.
num_space_uncommitted: 0.
num_chunks_returned_to_freelist: 7029.
num_chunks_taken_from_freelist: 16734.
num_chunk_merges: 3299.
num_chunk_splits: 10069.
num_chunks_enlarged: 4765.
num_inconsistent_stats: 0.

CodeHeap 'non-profiled nmethods': size=119168Kb used=12364Kb max_used=12589Kb free=106803Kb
 bounds [0x0000018007ba0000, 0x00000180087f0000, 0x000001800f000000]
CodeHeap 'profiled nmethods': size=119104Kb used=29335Kb max_used=33556Kb free=89768Kb
 bounds [0x0000018000000000, 0x00000180020d0000, 0x0000018007450000]
CodeHeap 'non-nmethods': size=7488Kb used=2134Kb max_used=3892Kb free=5354Kb
 bounds [0x0000018007450000, 0x0000018007830000, 0x0000018007ba0000]
CodeCache: size=245760Kb, used=43833Kb, max_used=50037Kb, free=201925Kb
 total_blobs=17801, nmethods=16578, adapters=1123, full_count=0
Compilation: enabled, stopped_count=0, restarted_count=0

Compilation events (20 events):
Event: 44.521 Thread 0x00000180620220e0 20548       3       org.apache.spark.scheduler.TaskSchedulerImpl::$anonfun$getTaskAccumulableInfosAndProcessRate$1 (163 bytes)
Event: 44.525 Thread 0x0000018062036910 nmethod 20541 0x0000018007bbcb90 code [0x0000018007bbcd80, 0x0000018007bbd338]
Event: 44.525 Thread 0x0000018062036910 20552       4       org.apache.spark.sql.catalyst.expressions.GeneratedClass$GeneratedIteratorForCodegenStage1::processNext (1372 bytes)
Event: 44.527 Thread 0x00000180620220e0 nmethod 20548 0x000001800003c890 code [0x000001800003cb60, 0x000001800003da58]
Event: 44.527 Thread 0x00000180620220e0 20545       3       org.apache.spark.executor.Executor::$anonfun$reportHeartBeat$3$adapted (8 bytes)
Event: 44.527 Thread 0x00000180620220e0 nmethod 20545 0x00000180002c3810 code [0x00000180002c39c0, 0x00000180002c3cb8]
Event: 44.527 Thread 0x00000180620220e0 20546       3       org.apache.spark.executor.Executor::$anonfun$reportHeartBeat$3 (5 bytes)
Event: 44.527 Thread 0x00000180620220e0 nmethod 20546 0x000001800035b690 code [0x000001800035b840, 0x000001800035ba10]
Event: 44.527 Thread 0x00000180620220e0 20549       3       scala.collection.immutable.Vector::filter (6 bytes)
Event: 44.529 Thread 0x00000180620220e0 nmethod 20549 0x000001800033d090 code [0x000001800033d260, 0x000001800033d548]
Event: 44.529 Thread 0x00000180620220e0 20551       1       org.apache.spark.status.LiveRDD::info (5 bytes)
Event: 44.530 Thread 0x00000180620220e0 nmethod 20551 0x0000018007c5fe90 code [0x0000018007c60020, 0x0000018007c600f0]
Event: 44.586 Thread 0x00000180620220e0 20553       3       scala.sys.SystemProperties::get (36 bytes)
Event: 44.589 Thread 0x00000180620220e0 nmethod 20553 0x000001800007e510 code [0x000001800007e780, 0x000001800007f368]
Event: 44.589 Thread 0x00000180620220e0 20554       3       scala.sys.SystemProperties$$Lambda/0x000001801e3143d8::<init> (10 bytes)
Event: 44.589 Thread 0x00000180620220e0 nmethod 20554 0x0000018000185190 code [0x0000018000185340, 0x0000018000185500]
Event: 44.589 Thread 0x00000180620220e0 20555       3       scala.sys.SystemProperties$$Lambda/0x000001801e3143d8::apply (8 bytes)
Event: 44.590 Thread 0x00000180620220e0 nmethod 20555 0x0000018000060a10 code [0x0000018000060c20, 0x0000018000061280]
Event: 44.590 Thread 0x00000180620220e0 20556       3       scala.sys.SystemProperties::$anonfun$get$1 (11 bytes)
Event: 44.590 Thread 0x00000180620220e0 nmethod 20556 0x00000180002aad90 code [0x00000180002aafa0, 0x00000180002ab580]

GC Heap History (20 events):
Event: 37.095 GC heap after
{Heap after GC invocations=74 (full 0):
 garbage-first heap   total 3629056K, used 975045K [0x0000000500000000, 0x0000000800000000)
  region size 8192K, 18 young (147456K), 18 survivors (147456K)
 Metaspace       used 155239K, committed 160832K, reserved 1245184K
  class space    used 19842K, committed 21952K, reserved 1048576K
}
Event: 37.584 GC heap before
{Heap before GC invocations=74 (full 0):
 garbage-first heap   total 3629056K, used 2990277K [0x0000000500000000, 0x0000000800000000)
  region size 8192K, 265 young (2170880K), 18 survivors (147456K)
 Metaspace       used 155239K, committed 160832K, reserved 1245184K
  class space    used 19842K, committed 21952K, reserved 1048576K
}
Event: 37.623 GC heap after
{Heap after GC invocations=75 (full 0):
 garbage-first heap   total 3629056K, used 1019444K [0x0000000500000000, 0x0000000800000000)
  region size 8192K, 23 young (188416K), 23 survivors (188416K)
 Metaspace       used 155239K, committed 160832K, reserved 1245184K
  class space    used 19842K, committed 21952K, reserved 1048576K
}
Event: 38.113 GC heap before
{Heap before GC invocations=75 (full 0):
 garbage-first heap   total 3629056K, used 2993716K [0x0000000500000000, 0x0000000800000000)
  region size 8192K, 265 young (2170880K), 23 survivors (188416K)
 Metaspace       used 155239K, committed 160832K, reserved 1245184K
  class space    used 19842K, committed 21952K, reserved 1048576K
}
Event: 38.157 GC heap after
{Heap after GC invocations=76 (full 0):
 garbage-first heap   total 3629056K, used 1057805K [0x0000000500000000, 0x0000000800000000)
  region size 8192K, 22 young (180224K), 22 survivors (180224K)
 Metaspace       used 155239K, committed 160832K, reserved 1245184K
  class space    used 19842K, committed 21952K, reserved 1048576K
}
Event: 38.639 GC heap before
{Heap before GC invocations=76 (full 0):
 garbage-first heap   total 3629056K, used 3040269K [0x0000000500000000, 0x0000000800000000)
  region size 8192K, 265 young (2170880K), 22 survivors (180224K)
 Metaspace       used 155239K, committed 160832K, reserved 1245184K
  class space    used 19842K, committed 21952K, reserved 1048576K
}
Event: 38.678 GC heap after
{Heap after GC invocations=77 (full 0):
 garbage-first heap   total 3629056K, used 1093241K [0x0000000500000000, 0x0000000800000000)
  region size 8192K, 19 young (155648K), 19 survivors (155648K)
 Metaspace       used 155239K, committed 160832K, reserved 1245184K
  class space    used 19842K, committed 21952K, reserved 1048576K
}
Event: 39.133 GC heap before
{Heap before GC invocations=77 (full 0):
 garbage-first heap   total 3629056K, used 3100281K [0x0000000500000000, 0x0000000800000000)
  region size 8192K, 265 young (2170880K), 19 survivors (155648K)
 Metaspace       used 155239K, committed 160832K, reserved 1245184K
  class space    used 19842K, committed 21952K, reserved 1048576K
}
Event: 39.334 GC heap after
{Heap after GC invocations=78 (full 0):
 garbage-first heap   total 4734976K, used 1136554K [0x0000000500000000, 0x0000000800000000)
  region size 8192K, 19 young (155648K), 19 survivors (155648K)
 Metaspace       used 155239K, committed 160832K, reserved 1245184K
  class space    used 19842K, committed 21952K, reserved 1048576K
}
Event: 42.320 GC heap before
{Heap before GC invocations=78 (full 0):
 garbage-first heap   total 4734976K, used 3807146K [0x0000000500000000, 0x0000000800000000)
  region size 8192K, 346 young (2834432K), 19 survivors (155648K)
 Metaspace       used 155239K, committed 160832K, reserved 1245184K
  class space    used 19842K, committed 21952K, reserved 1048576K
}
Event: 43.852 GC heap after
{Heap after GC invocations=79 (full 0):
 garbage-first heap   total 4734976K, used 1183628K [0x0000000500000000, 0x0000000800000000)
  region size 8192K, 25 young (204800K), 25 survivors (204800K)
 Metaspace       used 155239K, committed 160832K, reserved 1245184K
  class space    used 19842K, committed 21952K, reserved 1048576K
}
Event: 43.859 GC heap before
{Heap before GC invocations=79 (full 0):
 garbage-first heap   total 4734976K, used 1200012K [0x0000000500000000, 0x0000000800000000)
  region size 8192K, 28 young (229376K), 25 survivors (204800K)
 Metaspace       used 155239K, committed 160832K, reserved 1245184K
  class space    used 19842K, committed 21952K, reserved 1048576K
}
Event: 43.902 GC heap after
{Heap after GC invocations=80 (full 0):
 garbage-first heap   total 4734976K, used 1188024K [0x0000000500000000, 0x0000000800000000)
  region size 8192K, 3 young (24576K), 3 survivors (24576K)
 Metaspace       used 155239K, committed 160832K, reserved 1245184K
  class space    used 19842K, committed 21952K, reserved 1048576K
}
Event: 44.096 GC heap before
{Heap before GC invocations=80 (full 0):
 garbage-first heap   total 4734976K, used 1384632K [0x0000000500000000, 0x0000000800000000)
  region size 8192K, 28 young (229376K), 3 survivors (24576K)
 Metaspace       used 155239K, committed 160832K, reserved 1245184K
  class space    used 19842K, committed 21952K, reserved 1048576K
}
Event: 44.107 GC heap after
{Heap after GC invocations=81 (full 0):
 garbage-first heap   total 4734976K, used 1224656K [0x0000000500000000, 0x0000000800000000)
  region size 8192K, 4 young (32768K), 4 survivors (32768K)
 Metaspace       used 155239K, committed 160832K, reserved 1245184K
  class space    used 19842K, committed 21952K, reserved 1048576K
}
Event: 44.407 GC heap before
{Heap before GC invocations=81 (full 0):
 garbage-first heap   total 4734976K, used 1413072K [0x0000000500000000, 0x0000000800000000)
  region size 8192K, 28 young (229376K), 4 survivors (32768K)
 Metaspace       used 155240K, committed 160832K, reserved 1245184K
  class space    used 19842K, committed 21952K, reserved 1048576K
}
Event: 44.423 GC heap after
{Heap after GC invocations=82 (full 0):
 garbage-first heap   total 4734976K, used 1256885K [0x0000000500000000, 0x0000000800000000)
  region size 8192K, 4 young (32768K), 4 survivors (32768K)
 Metaspace       used 155240K, committed 160832K, reserved 1245184K
  class space    used 19842K, committed 21952K, reserved 1048576K
}
Event: 44.499 GC heap before
{Heap before GC invocations=82 (full 0):
 garbage-first heap   total 4734976K, used 1445301K [0x0000000500000000, 0x0000000800000000)
  region size 8192K, 28 young (229376K), 4 survivors (32768K)
 Metaspace       used 155240K, committed 160832K, reserved 1245184K
  class space    used 19842K, committed 21952K, reserved 1048576K
}
Event: 44.514 GC heap after
{Heap after GC invocations=83 (full 0):
 garbage-first heap   total 4734976K, used 1280422K [0x0000000500000000, 0x0000000800000000)
  region size 8192K, 4 young (32768K), 4 survivors (32768K)
 Metaspace       used 155240K, committed 160832K, reserved 1245184K
  class space    used 19842K, committed 21952K, reserved 1048576K
}
Event: 45.176 GC heap before
{Heap before GC invocations=83 (full 0):
 garbage-first heap   total 3932160K, used 1345958K [0x0000000500000000, 0x0000000800000000)
  region size 8192K, 26 young (212992K), 4 survivors (32768K)
 Metaspace       used 155249K, committed 160832K, reserved 1245184K
  class space    used 19843K, committed 21952K, reserved 1048576K
}

Dll operation events (15 events):
Event: 0.007 Loaded shared library C:\Users\ASUS\anaconda3\envs\spark\Library\lib\jvm\bin\java.dll
Event: 0.034 Loaded shared library C:\Users\ASUS\anaconda3\envs\spark\Library\lib\jvm\bin\jsvml.dll
Event: 0.125 Loaded shared library C:\Users\ASUS\anaconda3\envs\spark\Library\lib\jvm\bin\net.dll
Event: 0.127 Loaded shared library C:\Users\ASUS\anaconda3\envs\spark\Library\lib\jvm\bin\nio.dll
Event: 0.131 Loaded shared library C:\Users\ASUS\anaconda3\envs\spark\Library\lib\jvm\bin\zip.dll
Event: 0.752 Loaded shared library C:\Users\ASUS\anaconda3\envs\spark\Library\lib\jvm\bin\jimage.dll
Event: 1.014 Loaded shared library C:\Users\ASUS\anaconda3\envs\spark\Library\lib\jvm\bin\management.dll
Event: 1.020 Loaded shared library C:\Users\ASUS\anaconda3\envs\spark\Library\lib\jvm\bin\management_ext.dll
Event: 1.577 Loaded shared library C:\Users\ASUS\anaconda3\envs\spark\Library\lib\jvm\bin\verify.dll
Event: 1.778 Loaded shared library C:\Users\ASUS\anaconda3\envs\spark\Library\lib\jvm\bin\extnet.dll
Event: 2.446 Loaded shared library C:\spark-4.0.0-bin-hadoop3\bin\hadoop.dll
Event: 2.483 Loaded shared library C:\Users\ASUS\anaconda3\envs\spark\Library\lib\jvm\bin\jaas.dll
Event: 2.832 Loaded shared library C:\Users\ASUS\anaconda3\envs\spark\Library\lib\jvm\bin\sunmscapi.dll
Event: 8.207 Loaded shared library C:\Users\ASUS\AppData\Local\Temp\liblz4-java-8947808482515995921.so
Event: 12.739 Loaded shared library C:\Users\ASUS\AppData\Local\Temp\snappy-1.1.10-4f2ac6d8-dec6-464d-b59a-26f43cb0f66c-snappyjava.dll

Deoptimization events (20 events):
Event: 35.333 Thread 0x000001806d8fc230 DEOPT PACKING pc=0x000001800200fda2 sp=0x0000006bcedfd7c0
Event: 35.333 Thread 0x000001806d8fc230 DEOPT UNPACKING pc=0x00000180074a4bc2 sp=0x0000006bcedfcca0 mode 0
Event: 35.344 Thread 0x000001806d8fa7f0 DEOPT PACKING pc=0x000001800200fda2 sp=0x0000006bce7fd980
Event: 35.344 Thread 0x000001806d8fa7f0 DEOPT UNPACKING pc=0x00000180074a4bc2 sp=0x0000006bce7fce60 mode 0
Event: 35.368 Thread 0x000001806d8f8db0 DEOPT PACKING pc=0x000001800200fda2 sp=0x0000006bce5fdb80
Event: 35.368 Thread 0x000001806d8f8db0 DEOPT UNPACKING pc=0x00000180074a4bc2 sp=0x0000006bce5fd060 mode 0
Event: 38.712 Thread 0x000001806d8fae80 Uncommon trap: trap_request=0xffffff45 fr.pc=0x00000180083e4b94 relative=0x00000000000004f4
Event: 38.712 Thread 0x000001806d8fae80 Uncommon trap: reason=unstable_if action=reinterpret pc=0x00000180083e4b94 method=java.util.concurrent.locks.ReentrantLock$Sync.tryLock()Z @ 34 c2
Event: 38.712 Thread 0x000001806d8fae80 DEOPT PACKING pc=0x00000180083e4b94 sp=0x0000006bce8fe1e0
Event: 38.712 Thread 0x000001806d8fae80 DEOPT UNPACKING pc=0x00000180074a4422 sp=0x0000006bce8fe0e8 mode 2
Event: 38.762 Thread 0x000001806d8f8090 Uncommon trap: trap_request=0xffffff45 fr.pc=0x00000180084e4d4c relative=0x00000000000001ac
Event: 38.762 Thread 0x000001806d8f8090 Uncommon trap: reason=unstable_if action=reinterpret pc=0x00000180084e4d4c method=java.util.concurrent.locks.ReentrantLock$Sync.tryLock()Z @ 34 c2
Event: 38.762 Thread 0x000001806d8f8090 DEOPT PACKING pc=0x00000180084e4d4c sp=0x0000006bce9fdeb0
Event: 38.763 Thread 0x000001806d8f8090 DEOPT UNPACKING pc=0x00000180074a4422 sp=0x0000006bce9fde50 mode 2
Event: 44.404 Thread 0x0000018065c9f560 DEOPT PACKING pc=0x000001800155947b sp=0x0000006bcc5feac0
Event: 44.405 Thread 0x0000018065c9f560 DEOPT UNPACKING pc=0x00000180074a4bc2 sp=0x0000006bcc5fdfc0 mode 0
Event: 44.454 Thread 0x0000018068119810 Uncommon trap: trap_request=0xffffff45 fr.pc=0x00000180087966d8 relative=0x00000000000019d8
Event: 44.457 Thread 0x0000018068119810 Uncommon trap: reason=unstable_if action=reinterpret pc=0x00000180087966d8 method=org.apache.spark.sql.catalyst.expressions.GeneratedClass$GeneratedIteratorForCodegenStage1.processNext()V @ 1350 c2
Event: 44.458 Thread 0x0000018068119810 DEOPT PACKING pc=0x00000180087966d8 sp=0x0000006bce4fde10
Event: 44.458 Thread 0x0000018068119810 DEOPT UNPACKING pc=0x00000180074a4422 sp=0x0000006bce4fdd28 mode 2

Classes loaded (20 events):
Event: 26.330 Loading class java/lang/org
Event: 26.330 Loading class java/lang/org done
Event: 26.381 Loading class java/lang/org
Event: 26.381 Loading class java/lang/org done
Event: 28.095 Loading class java/lang/PythonUtils
Event: 28.095 Loading class java/lang/PythonUtils done
Event: 28.106 Loading class java/lang/PythonUtils
Event: 28.106 Loading class java/lang/PythonUtils done
Event: 28.115 Loading class java/lang/PythonUtils
Event: 28.115 Loading class java/lang/PythonUtils done
Event: 28.126 Loading class java/lang/PythonUtils
Event: 28.126 Loading class java/lang/PythonUtils done
Event: 28.171 Loading class java/lang/org
Event: 28.171 Loading class java/lang/org done
Event: 28.222 Loading class java/lang/org
Event: 28.222 Loading class java/lang/org done
Event: 29.219 Loading class java/lang/PythonUtils
Event: 29.219 Loading class java/lang/PythonUtils done
Event: 29.229 Loading class java/lang/PythonUtils
Event: 29.229 Loading class java/lang/PythonUtils done

Classes unloaded (20 events):
Event: 30.587 Thread 0x000001807eeee130 Unloading class 0x000001801f0ca800 'java/lang/invoke/LambdaForm$MH+0x000001801f0ca800'
Event: 30.587 Thread 0x000001807eeee130 Unloading class 0x000001801f0cc400 'java/lang/invoke/LambdaForm$MH+0x000001801f0cc400'
Event: 30.587 Thread 0x000001807eeee130 Unloading class 0x000001801f0d1800 'java/lang/invoke/LambdaForm$MH+0x000001801f0d1800'
Event: 30.587 Thread 0x000001807eeee130 Unloading class 0x000001801f0d1c00 'java/lang/invoke/LambdaForm$MH+0x000001801f0d1c00'
Event: 30.587 Thread 0x000001807eeee130 Unloading class 0x000001801f0d0400 'java/lang/invoke/LambdaForm$MH+0x000001801f0d0400'
Event: 30.587 Thread 0x000001807eeee130 Unloading class 0x000001801f0d0000 'java/lang/invoke/LambdaForm$MH+0x000001801f0d0000'
Event: 30.587 Thread 0x000001807eeee130 Unloading class 0x000001801f0d4000 'java/lang/invoke/LambdaForm$MH+0x000001801f0d4000'
Event: 30.587 Thread 0x000001807eeee130 Unloading class 0x000001801f0d7400 'java/lang/invoke/LambdaForm$MH+0x000001801f0d7400'
Event: 30.587 Thread 0x000001807eeee130 Unloading class 0x000001801f0d7000 'java/lang/invoke/LambdaForm$MH+0x000001801f0d7000'
Event: 30.587 Thread 0x000001807eeee130 Unloading class 0x000001801f0dbc00 'java/lang/invoke/LambdaForm$MH+0x000001801f0dbc00'
Event: 30.587 Thread 0x000001807eeee130 Unloading class 0x000001801f0db800 'java/lang/invoke/LambdaForm$MH+0x000001801f0db800'
Event: 30.587 Thread 0x000001807eeee130 Unloading class 0x000001801f0e5400 'java/lang/invoke/LambdaForm$MH+0x000001801f0e5400'
Event: 30.587 Thread 0x000001807eeee130 Unloading class 0x000001801f0e5000 'java/lang/invoke/LambdaForm$MH+0x000001801f0e5000'
Event: 30.587 Thread 0x000001807eeee130 Unloading class 0x000001801f0eb400 'java/lang/invoke/LambdaForm$MH+0x000001801f0eb400'
Event: 30.587 Thread 0x000001807eeee130 Unloading class 0x000001801f0ef400 'java/lang/invoke/LambdaForm$MH+0x000001801f0ef400'
Event: 30.587 Thread 0x000001807eeee130 Unloading class 0x000001801f0eb000 'java/lang/invoke/LambdaForm$MH+0x000001801f0eb000'
Event: 30.587 Thread 0x000001807eeee130 Unloading class 0x000001801f0f0c00 'java/lang/invoke/LambdaForm$MH+0x000001801f0f0c00'
Event: 30.587 Thread 0x000001807eeee130 Unloading class 0x000001801f0ef000 'java/lang/invoke/LambdaForm$MH+0x000001801f0ef000'
Event: 30.587 Thread 0x000001807eeee130 Unloading class 0x000001801f0f0800 'java/lang/invoke/LambdaForm$MH+0x000001801f0f0800'
Event: 30.587 Thread 0x000001807eeee130 Unloading class 0x000001801f0f4400 'java/lang/invoke/LambdaForm$MH+0x000001801f0f4400'

Classes redefined (0 events):
No events

Internal exceptions (20 events):
Event: 23.419 Thread 0x0000018080adbd10 Exception <a 'java/lang/NoSuchMethodError'{0x0000000543244c60}: static Lorg/apache/spark/sql/catalyst/expressions/GreaterThanOrEqual;.<clinit>()V> (0x0000000543244c60) 
thrown [s\src\hotspot\share\prims\jni.cpp, line 1111]
Event: 24.005 Thread 0x00000180814626a0 Exception <a 'java/lang/NoSuchMethodError'{0x0000000533134f90}: static Lorg/apache/spark/sql/catalyst/expressions/SortDirection;.<clinit>()V> (0x0000000533134f90) 
thrown [s\src\hotspot\share\prims\jni.cpp, line 1111]
Event: 24.006 Thread 0x00000180814626a0 Exception <a 'java/lang/NoSuchMethodError'{0x000000053313fe20}: static Lorg/apache/spark/sql/catalyst/expressions/NullOrdering;.<clinit>()V> (0x000000053313fe20) 
thrown [s\src\hotspot\share\prims\jni.cpp, line 1111]
Event: 24.627 Thread 0x00000180801f21d0 Exception <a 'java/lang/NoSuchMethodError'{0x00000005616193d0}: static Ljava/lang/Object;.<clinit>()V> (0x00000005616193d0) 
thrown [s\src\hotspot\share\prims\jni.cpp, line 1111]
Event: 24.638 Thread 0x00000180801f21d0 Exception <a 'java/lang/NoSuchMethodError'{0x00000005617f0dc8}: static Lorg/apache/spark/util/MutablePair;.<clinit>()V> (0x00000005617f0dc8) 
thrown [s\src\hotspot\share\prims\jni.cpp, line 1111]
Event: 24.640 Thread 0x00000180801f21d0 Exception <a 'java/lang/NoSuchMethodError'{0x00000005608247b0}: static Lorg/apache/spark/RangePartitioner;.<clinit>()V> (0x00000005608247b0) 
thrown [s\src\hotspot\share\prims\jni.cpp, line 1111]
Event: 24.641 Thread 0x00000180801f21d0 Exception <a 'java/lang/NoSuchMethodError'{0x0000000560835940}: static Lscala/Tuple3;.<clinit>()V> (0x0000000560835940) 
thrown [s\src\hotspot\share\prims\jni.cpp, line 1111]
Event: 24.662 Thread 0x000001806d8fc8c0 Exception <a 'java/lang/NoSuchMethodError'{0x0000000560c012e0}: 'java.lang.Object java.lang.invoke.DirectMethodHandle$Holder.invokeStatic(java.lang.Object, java.lang.Object, float, java.lang.Object)'> (0x0000000560c012e0) 
thrown [s\src\hotspot\share\interpreter\linkResolver.cpp, line 773]
Event: 24.662 Thread 0x000001806d8fc8c0 Exception <a 'java/lang/NoSuchMethodError'{0x0000000560c05b98}: 'java.lang.Object java.lang.invoke.DirectMethodHandle$Holder.invokeStatic(java.lang.Object, float, java.lang.Object)'> (0x0000000560c05b98) 
thrown [s\src\hotspot\share\interpreter\linkResolver.cpp, line 773]
Event: 24.665 Thread 0x000001806d8fc8c0 Exception <a 'java/lang/NoSuchMethodError'{0x0000000560c1cc58}: 'java.lang.Object java.lang.invoke.DelegatingMethodHandle$Holder.reinvoke_L(java.lang.Object, int, int, java.lang.Object)'> (0x0000000560c1cc58) 
thrown [s\src\hotspot\share\interpreter\linkResolver.cpp, line 773]
Event: 24.704 Thread 0x000001806d8fc8c0 Exception <a 'java/lang/NoSuchMethodError'{0x0000000560df9960}: static [Lscala/Tuple3;.<clinit>()V> (0x0000000560df9960) 
thrown [s\src\hotspot\share\prims\jni.cpp, line 1111]
Event: 24.712 Thread 0x00000180801f21d0 Exception <a 'java/lang/NoSuchMethodError'{0x00000005600137e8}: 'java.lang.Object java.lang.invoke.DirectMethodHandle$Holder.newInvokeSpecial(java.lang.Object, java.lang.Object, float)'> (0x00000005600137e8) 
thrown [s\src\hotspot\share\interpreter\linkResolver.cpp, line 773]
Event: 24.720 Thread 0x0000018065c9fbf0 Exception <a 'java/lang/NoSuchMethodError'{0x0000000560b2abd8}: static Lorg/apache/spark/sql/catalyst/plans/physical/RangePartitioning;.<clinit>()V> (0x0000000560b2abd8) 
thrown [s\src\hotspot\share\prims\jni.cpp, line 1111]
Event: 24.728 Thread 0x000001806d8fc8c0 Exception <a 'java/lang/NoSuchMethodError'{0x0000000560ee0ea8}: 'java.lang.Object java.lang.invoke.Invokers$Holder.invoker(java.lang.Object, java.lang.Object, java.lang.Object, java.lang.Object, java.lang.Object, java.lang.Object, java.lang.Object, java.lang.Object, java.lang.Object, java.lang.Object, java.lang.Object, java.lang.Object, java.lang.Object)'> (0x0000000560ee0ea8) 
thrown [s\src\hotspot\share\interpreter\linkResolver.cpp, line 773]
Event: 24.729 Thread 0x000001806d8fc8c0 Exception <a 'java/lang/NoSuchMethodError'{0x00000005600fb810}: 'java.lang.Object java.lang.invoke.DelegatingMethodHandle$Holder.delegate(java.lang.Object, java.lang.Object, java.lang.Object, java.lang.Object, java.lang.Object, java.lang.Object, java.lang.Object, java.lang.Object, java.lang.Object, java.lang.Object, java.lang.Object, java.lang.Object, java.lang.Object)'> (0x00000005600fb810) 
thrown [s\src\hotspot\share\interpreter\linkResolver.cpp, line 773]
Event: 24.817 Thread 0x00000180801ef3e0 Exception <a 'java/lang/NoSuchMethodError'{0x000000056059f3e0}: 'java.lang.Object java.lang.invoke.DirectMethodHandle$Holder.invokeSpecial(java.lang.Object, java.lang.Object, long, java.lang.Object, java.lang.Object, java.lang.Object, java.lang.Object, java.lang.Object, java.lang.Object, java.lang.Object, java.lang.Object, long, java.lang.Object, java.lang.Object, java.lang.Object, java.lang.Object, java.lang.Object, java.lang.Object, java.lang.Object, java.lang.Object, java.lang.Object, java.lang.Object, 
Event: 24.817 Thread 0x00000180801ef3e0 Exception <a 'java/lang/NoSuchMethodError'{0x00000005605a4df0}: 'java.lang.Object java.lang.invoke.DelegatingMethodHandle$Holder.reinvoke_L(java.lang.Object, long, java.lang.Object, java.lang.Object, java.lang.Object, java.lang.Object, java.lang.Object, java.lang.Object, java.lang.Object, java.lang.Object, long, java.lang.Object, java.lang.Object, java.lang.Object, java.lang.Object, java.lang.Object, java.lang.Object, java.lang.Object, java.lang.Object, java.lang.Object, java.lang.Object, java.lang.Object,
Event: 24.831 Thread 0x00000180801ef3e0 Exception <a 'java/lang/NoSuchMethodError'{0x00000005607772a8}: static Lorg/apache/spark/sql/execution/SortExec;.<clinit>()V> (0x00000005607772a8) 
thrown [s\src\hotspot\share\prims\jni.cpp, line 1111]
Event: 24.913 Thread 0x000001806d8fc8c0 Exception <a 'java/lang/NoSuchMethodError'{0x000000055ff15e00}: static Lorg/apache/spark/util/io/ChunkedByteBuffer;.<clinit>()V> (0x000000055ff15e00) 
thrown [s\src\hotspot\share\prims\jni.cpp, line 1111]
Event: 24.930 Thread 0x0000018063e460c0 Implicit null exception at 0x00000180082c00ab to 0x00000180082c098c

ZGC Phase Switch (0 events):
No events

VM Operations (20 events):
Event: 38.158 Executing VM operation: G1CollectForAllocation (G1 Evacuation Pause) done
Event: 38.638 Executing VM operation: G1CollectForAllocation (G1 Evacuation Pause)
Event: 38.678 Executing VM operation: G1CollectForAllocation (G1 Evacuation Pause) done
Event: 39.133 Executing VM operation: G1CollectForAllocation (G1 Evacuation Pause)
Event: 39.334 Executing VM operation: G1CollectForAllocation (G1 Evacuation Pause) done
Event: 40.337 Executing VM operation: Cleanup
Event: 40.541 Executing VM operation: Cleanup done
Event: 41.382 Executing VM operation: G1CollectForAllocation (G1 Evacuation Pause)
Event: 43.852 Executing VM operation: G1CollectForAllocation (G1 Evacuation Pause) done
Event: 43.858 Executing VM operation: G1CollectForAllocation (G1 Evacuation Pause)
Event: 43.902 Executing VM operation: G1CollectForAllocation (G1 Evacuation Pause) done
Event: 43.951 Executing VM operation: G1CollectForAllocation (G1 Evacuation Pause)
Event: 44.107 Executing VM operation: G1CollectForAllocation (G1 Evacuation Pause) done
Event: 44.149 Executing VM operation: G1CollectForAllocation (G1 Evacuation Pause)
Event: 44.424 Executing VM operation: G1CollectForAllocation (G1 Evacuation Pause) done
Event: 44.482 Executing VM operation: G1CollectForAllocation (G1 Evacuation Pause)
Event: 44.514 Executing VM operation: G1CollectForAllocation (G1 Evacuation Pause) done
Event: 44.657 Executing VM operation: G1PauseRemark
Event: 45.176 Executing VM operation: G1PauseRemark done
Event: 45.176 Executing VM operation: G1CollectForAllocation (G1 Evacuation Pause)

Memory protections (0 events):
No events

Nmethod flushes (20 events):
Event: 34.102 Thread 0x000001807eeee130 flushing  nmethod 0x0000018000317b10
Event: 34.102 Thread 0x000001807eeee130 flushing  nmethod 0x0000018000467110
Event: 34.102 Thread 0x000001807eeee130 flushing  nmethod 0x0000018000467690
Event: 34.102 Thread 0x000001807eeee130 flushing  nmethod 0x0000018000467c90
Event: 34.102 Thread 0x000001807eeee130 flushing  nmethod 0x000001800046c410
Event: 34.102 Thread 0x000001807eeee130 flushing  nmethod 0x000001800054aa10
Event: 34.102 Thread 0x000001807eeee130 flushing  nmethod 0x000001800054cb90
Event: 34.102 Thread 0x000001807eeee130 flushing  nmethod 0x000001800054ec90
Event: 34.102 Thread 0x000001807eeee130 flushing  nmethod 0x0000018000c55710
Event: 35.168 Thread 0x000001807eeee130 flushing  nmethod 0x0000018001175690
Event: 35.168 Thread 0x000001807eeee130 flushing  nmethod 0x0000018000ac1610
Event: 35.168 Thread 0x000001807eeee130 flushing  nmethod 0x00000180006fa590
Event: 45.169 Thread 0x000001807eeee130 flushing  nmethod 0x0000018000b24b10
Event: 45.170 Thread 0x000001807eeee130 flushing  nmethod 0x00000180020b9690
Event: 45.170 Thread 0x000001807eeee130 flushing  nmethod 0x0000018000439b90
Event: 45.170 Thread 0x000001807eeee130 flushing  nmethod 0x00000180083e0c90
Event: 45.170 Thread 0x000001807eeee130 flushing  nmethod 0x0000018001038b90
Event: 45.170 Thread 0x000001807eeee130 flushing  nmethod 0x0000018000a1f890
Event: 45.170 Thread 0x000001807eeee130 flushing  nmethod 0x0000018000d20910
Event: 45.170 Thread 0x000001807eeee130 flushing  nmethod 0x000001800092bc90

Events (20 events):
Event: 32.016 Thread 0x000001806e406110 Thread exited: 0x000001806e406110
Event: 32.088 Thread 0x0000018062103ca0 Thread exited: 0x0000018062103ca0
Event: 32.239 Thread 0x0000018082d22f60 Thread exited: 0x0000018082d22f60
Event: 32.894 Thread 0x00000180620220e0 Thread added: 0x000001806d9c60b0
Event: 32.895 Thread 0x00000180620220e0 Thread added: 0x0000018080634720
Event: 32.895 Thread 0x00000180620220e0 Thread added: 0x00000180806376d0
Event: 34.394 Thread 0x00000180806376d0 Thread exited: 0x00000180806376d0
Event: 34.394 Thread 0x0000018080634720 Thread exited: 0x0000018080634720
Event: 34.394 Thread 0x000001806d9c60b0 Thread exited: 0x000001806d9c60b0
Event: 35.097 Thread 0x0000018062036910 Thread added: 0x00000180810b8500
Event: 35.127 Thread 0x0000018062036910 Thread added: 0x000001806db341b0
Event: 35.229 Thread 0x00000180620220e0 Thread added: 0x000001806e406110
Event: 35.261 Thread 0x00000180620220e0 Thread added: 0x000001806e4067e0
Event: 35.262 Thread 0x00000180620220e0 Thread added: 0x000001806e405370
Event: 35.454 Thread 0x000001806db341b0 Thread exited: 0x000001806db341b0
Event: 35.608 Thread 0x00000180810b8500 Thread exited: 0x00000180810b8500
Event: 37.062 Thread 0x000001806e405370 Thread exited: 0x000001806e405370
Event: 37.166 Thread 0x000001806e4067e0 Thread exited: 0x000001806e4067e0
Event: 40.776 Thread 0x000001806e406110 Thread exited: 0x000001806e406110
Event: 44.584 Thread 0x0000018065c082d0 Thread added: 0x000001806e11a120


Dynamic libraries:
0x00007ff6cc430000 - 0x00007ff6cc43e000 	C:\Users\ASUS\anaconda3\envs\spark\Library\lib\jvm\bin\java.exe
0x00007ffa800c0000 - 0x00007ffa80328000 	C:\WINDOWS\SYSTEM32\ntdll.dll
0x00007ffa7ea10000 - 0x00007ffa7ead9000 	C:\WINDOWS\System32\KERNEL32.DLL
0x00007ffa7da60000 - 0x00007ffa7de58000 	C:\WINDOWS\System32\KERNELBASE.dll
0x00007ffa79cd0000 - 0x00007ffa79d6f000 	C:\WINDOWS\SYSTEM32\apphelp.dll
0x00007ffa7d400000 - 0x00007ffa7d54b000 	C:\WINDOWS\System32\ucrtbase.dll
0x00007ffa56e80000 - 0x00007ffa56e9e000 	C:\Users\ASUS\anaconda3\envs\spark\Library\lib\jvm\bin\VCRUNTIME140.dll
0x00007ffa55d00000 - 0x00007ffa55d19000 	C:\Users\ASUS\anaconda3\envs\spark\Library\lib\jvm\bin\jli.dll
0x00007ffa7f0b0000 - 0x00007ffa7f277000 	C:\WINDOWS\System32\USER32.dll
0x00007ffa67920000 - 0x00007ffa67bb4000 	C:\WINDOWS\WinSxS\amd64_microsoft.windows.common-controls_6595b64144ccf1df_6.0.26100.7019_none_3e06ffa0e335b8a8\COMCTL32.dll
0x00007ffa7d3d0000 - 0x00007ffa7d3f7000 	C:\WINDOWS\System32\win32u.dll
0x00007ffa7fd30000 - 0x00007ffa7fdd9000 	C:\WINDOWS\System32\msvcrt.dll
0x00007ffa7e9c0000 - 0x00007ffa7e9eb000 	C:\WINDOWS\System32\GDI32.dll
0x00007ffa7d210000 - 0x00007ffa7d33c000 	C:\WINDOWS\System32\gdi32full.dll
0x00007ffa7d550000 - 0x00007ffa7d5f3000 	C:\WINDOWS\System32\msvcp_win.dll
0x00007ffa7e500000 - 0x00007ffa7e531000 	C:\WINDOWS\System32\IMM32.DLL
0x00007ffa70310000 - 0x00007ffa7031c000 	C:\Users\ASUS\anaconda3\envs\spark\Library\lib\jvm\bin\vcruntime140_1.dll
0x00007ffa52950000 - 0x00007ffa529dd000 	C:\Users\ASUS\anaconda3\envs\spark\Library\lib\jvm\bin\msvcp140.dll
0x00007ffa0c880000 - 0x00007ffa0d667000 	C:\Users\ASUS\anaconda3\envs\spark\Library\lib\jvm\bin\server\jvm.dll
0x00007ffa7fde0000 - 0x00007ffa7fe94000 	C:\WINDOWS\System32\ADVAPI32.dll
0x00007ffa7fc80000 - 0x00007ffa7fd26000 	C:\WINDOWS\System32\sechost.dll
0x00007ffa7ec80000 - 0x00007ffa7ed98000 	C:\WINDOWS\System32\RPCRT4.dll
0x00007ffa7e540000 - 0x00007ffa7e5b4000 	C:\WINDOWS\System32\WS2_32.dll
0x00007ffa7d070000 - 0x00007ffa7d0ce000 	C:\WINDOWS\SYSTEM32\POWRPROF.dll
0x00007ffa74970000 - 0x00007ffa7497b000 	C:\WINDOWS\SYSTEM32\VERSION.dll
0x00007ffa74930000 - 0x00007ffa74965000 	C:\WINDOWS\SYSTEM32\WINMM.dll
0x00007ffa7d050000 - 0x00007ffa7d064000 	C:\WINDOWS\SYSTEM32\UMPDC.dll
0x00007ffa7bfd0000 - 0x00007ffa7bfeb000 	C:\WINDOWS\SYSTEM32\kernel.appcore.dll
0x00007ffa6ff00000 - 0x00007ffa6ff0a000 	C:\Users\ASUS\anaconda3\envs\spark\Library\lib\jvm\bin\jimage.dll
0x00007ffa7a790000 - 0x00007ffa7a9d2000 	C:\WINDOWS\SYSTEM32\DBGHELP.DLL
0x00007ffa7e5c0000 - 0x00007ffa7e94b000 	C:\WINDOWS\System32\combase.dll
0x00007ffa7eae0000 - 0x00007ffa7ebb7000 	C:\WINDOWS\System32\OLEAUT32.dll
0x00007ffa702b0000 - 0x00007ffa702ec000 	C:\WINDOWS\SYSTEM32\dbgcore.DLL
0x00007ffa7d600000 - 0x00007ffa7d6a5000 	C:\WINDOWS\System32\bcryptPrimitives.dll
0x00007ffa531c0000 - 0x00007ffa531e2000 	C:\Users\ASUS\anaconda3\envs\spark\Library\lib\jvm\bin\java.dll
0x00007ffa7f480000 - 0x00007ffa7fbcf000 	C:\WINDOWS\System32\SHELL32.dll
0x00007ffa7d8f0000 - 0x00007ffa7da5b000 	C:\WINDOWS\System32\wintypes.dll
0x00007ffa7ae00000 - 0x00007ffa7b65d000 	C:\WINDOWS\SYSTEM32\windows.storage.dll
0x00007ffa7dee0000 - 0x00007ffa7dfd2000 	C:\WINDOWS\System32\SHCORE.dll
0x00007ffa7fbe0000 - 0x00007ffa7fc47000 	C:\WINDOWS\System32\shlwapi.dll
0x00007ffa7d130000 - 0x00007ffa7d159000 	C:\WINDOWS\SYSTEM32\profapi.dll
0x00007ffa45080000 - 0x00007ffa45157000 	C:\Users\ASUS\anaconda3\envs\spark\Library\lib\jvm\bin\jsvml.dll
0x00007ffa51db0000 - 0x00007ffa51dc2000 	C:\Users\ASUS\anaconda3\envs\spark\Library\lib\jvm\bin\net.dll
0x00007ffa75f10000 - 0x00007ffa76038000 	C:\WINDOWS\SYSTEM32\WINHTTP.dll
0x00007ffa7c540000 - 0x00007ffa7c5ab000 	C:\WINDOWS\system32\mswsock.dll
0x00007ffa514c0000 - 0x00007ffa514d6000 	C:\Users\ASUS\anaconda3\envs\spark\Library\lib\jvm\bin\nio.dll
0x00007ffa514a0000 - 0x00007ffa514b8000 	C:\Users\ASUS\anaconda3\envs\spark\Library\lib\jvm\bin\zip.dll
0x00007ffa6cf50000 - 0x00007ffa6cf5a000 	C:\Users\ASUS\anaconda3\envs\spark\Library\lib\jvm\bin\management.dll
0x00007ffa6c510000 - 0x00007ffa6c51c000 	C:\Users\ASUS\anaconda3\envs\spark\Library\lib\jvm\bin\management_ext.dll
0x00007ffa7e4f0000 - 0x00007ffa7e4f8000 	C:\WINDOWS\System32\PSAPI.DLL
0x00007ffa594d0000 - 0x00007ffa594e8000 	C:\WINDOWS\system32\napinsp.dll
0x00007ffa7bb30000 - 0x00007ffa7bc5c000 	C:\WINDOWS\SYSTEM32\DNSAPI.dll
0x00007ffa7ba50000 - 0x00007ffa7ba84000 	C:\WINDOWS\SYSTEM32\IPHLPAPI.DLL
0x00007ffa7e9f0000 - 0x00007ffa7e9fa000 	C:\WINDOWS\System32\NSI.dll
0x00007ffa59490000 - 0x00007ffa594a2000 	C:\WINDOWS\System32\winrnr.dll
0x00007ffa594f0000 - 0x00007ffa59512000 	C:\WINDOWS\system32\nlansp_c.dll
0x00007ffa70f40000 - 0x00007ffa70f56000 	C:\WINDOWS\system32\wshbth.dll
0x00007ffa75410000 - 0x00007ffa7541b000 	C:\Windows\System32\rasadhlp.dll
0x00007ffa76910000 - 0x00007ffa76996000 	C:\WINDOWS\System32\fwpuclnt.dll
0x00007ffa6c3d0000 - 0x00007ffa6c3e0000 	C:\Users\ASUS\anaconda3\envs\spark\Library\lib\jvm\bin\verify.dll
0x00007ffa7c810000 - 0x00007ffa7c82b000 	C:\WINDOWS\SYSTEM32\CRYPTSP.dll
0x00007ffa7bf30000 - 0x00007ffa7bf6a000 	C:\WINDOWS\system32\rsaenh.dll
0x00007ffa7c5f0000 - 0x00007ffa7c61b000 	C:\WINDOWS\SYSTEM32\USERENV.dll
0x00007ffa7d100000 - 0x00007ffa7d12a000 	C:\WINDOWS\SYSTEM32\bcrypt.dll
0x00007ffa7c800000 - 0x00007ffa7c80c000 	C:\WINDOWS\SYSTEM32\CRYPTBASE.dll
0x00007ffa6c290000 - 0x00007ffa6c299000 	C:\Users\ASUS\anaconda3\envs\spark\Library\lib\jvm\bin\extnet.dll
0x00007ffa33aa0000 - 0x00007ffa33ab7000 	C:\spark-4.0.0-bin-hadoop3\bin\hadoop.dll
0x00007ffa7b9a0000 - 0x00007ffa7b9f0000 	C:\WINDOWS\SYSTEM32\AUTHZ.dll
0x00007ffa60400000 - 0x00007ffa6041a000 	C:\WINDOWS\SYSTEM32\NETAPI32.dll
0x00007ffa7ba00000 - 0x00007ffa7ba1c000 	C:\WINDOWS\SYSTEM32\SAMCLI.DLL
0x00007ffa7b840000 - 0x00007ffa7b84d000 	C:\WINDOWS\SYSTEM32\NETUTILS.DLL
0x00007ffa682b0000 - 0x00007ffa682b9000 	C:\Users\ASUS\anaconda3\envs\spark\Library\lib\jvm\bin\jaas.dll
0x00007ffa68210000 - 0x00007ffa6821e000 	C:\Users\ASUS\anaconda3\envs\spark\Library\lib\jvm\bin\sunmscapi.dll
0x00007ffa7d770000 - 0x00007ffa7d8e7000 	C:\WINDOWS\System32\CRYPT32.dll
0x00007ffa7ca20000 - 0x00007ffa7ca50000 	C:\WINDOWS\SYSTEM32\ncrypt.dll
0x00007ffa7c9d0000 - 0x00007ffa7ca0f000 	C:\WINDOWS\SYSTEM32\NTASN1.dll
0x00007ffa45ce0000 - 0x00007ffa45ce8000 	C:\WINDOWS\system32\wshunix.dll
0x00007ffa7c0f0000 - 0x00007ffa7c126000 	C:\WINDOWS\SYSTEM32\ntmarta.dll
0x0000000066f40000 - 0x0000000066fc4000 	C:\Users\ASUS\AppData\Local\Temp\liblz4-java-8947808482515995921.so
0x0000000070fc0000 - 0x000000007108f000 	C:\Users\ASUS\AppData\Local\Temp\snappy-1.1.10-4f2ac6d8-dec6-464d-b59a-26f43cb0f66c-snappyjava.dll

JVMTI agents: none

dbghelp: loaded successfully - version: 4.0.5 - missing functions: none
symbol engine: initialized successfully - sym options: 0x614 - pdb path: .;C:\Users\ASUS\anaconda3\envs\spark\Library\lib\jvm\bin;C:\WINDOWS\SYSTEM32;C:\WINDOWS\WinSxS\amd64_microsoft.windows.common-controls_6595b64144ccf1df_6.0.26100.7019_none_3e06ffa0e335b8a8;C:\Users\ASUS\anaconda3\envs\spark\Library\lib\jvm\bin\server;C:\spark-4.0.0-bin-hadoop3\bin;C:\Users\ASUS\AppData\Local\Temp

VM Arguments:
jvm_args: -Xmx12g -XX:+IgnoreUnrecognizedVMOptions --add-modules=jdk.incubator.vector --add-opens=java.base/java.lang=ALL-UNNAMED --add-opens=java.base/java.lang.invoke=ALL-UNNAMED --add-opens=java.base/java.lang.reflect=ALL-UNNAMED --add-opens=java.base/java.io=ALL-UNNAMED --add-opens=java.base/java.net=ALL-UNNAMED --add-opens=java.base/java.nio=ALL-UNNAMED --add-opens=java.base/java.util=ALL-UNNAMED --add-opens=java.base/java.util.concurrent=ALL-UNNAMED --add-opens=java.base/java.util.concurrent.atomic=ALL-UNNAMED --add-opens=java.base/jdk.internal.ref=ALL-UNNAMED --add-opens=java.base/sun.nio.ch=ALL-UNNAMED --add-opens=java.base/sun.nio.cs=ALL-UNNAMED --add-opens=java.base/sun.security.action=ALL-UNNAMED --add-opens=java.base/sun.util.calendar=ALL-UNNAMED --add-opens=java.security.jgss/sun.security.krb5=ALL-UNNAMED -Djdk.reflect.useDirectMethodHandle=false -Dio.netty.tryReflectionSetAccessible=true -Dderby.connection.requireAuthentication=false 
java_command: org.apache.spark.deploy.SparkSubmit --conf spark.driver.memory=12g --conf spark.app.name=SimpleAggregationAnalysis pyspark-shell
java_class_path (initial): hive-jackson/*;C:\spark-4.0.0-bin-hadoop3\bin\..\conf\;C:\spark-4.0.0-bin-hadoop3\jars\slf4j-api-2.0.16.jar;C:\spark-4.0.0-bin-hadoop3\jars\aircompressor-2.0.2.jar;C:\spark-4.0.0-bin-hadoop3\jars\algebra_2.13-2.8.0.jar;C:\spark-4.0.0-bin-hadoop3\jars\annotations-17.0.0.jar;C:\spark-4.0.0-bin-hadoop3\jars\antlr-runtime-3.5.2.jar;C:\spark-4.0.0-bin-hadoop3\jars\antlr4-runtime-4.13.1.jar;C:\spark-4.0.0-bin-hadoop3\jars\aopalliance-repackaged-3.0.6.jar;C:\spark-4.0.0-bin-hadoop3\jars\arpack-3.0.3.jar;C:\spark-4.0.0-bin-hadoop3\jars\arpack_combined_all-0.1.jar;C:\spark-4.0.0-bin-hadoop3\jars\arrow-format-18.1.0.jar;C:\spark-4.0.0-bin-hadoop3\jars\arrow-memory-core-18.1.0.jar;C:\spark-4.0.0-bin-hadoop3\jars\arrow-memory-netty-18.1.0.jar;C:\spark-4.0.0-bin-hadoop3\jars\arrow-memory-netty-buffer-patch-18.1.0.jar;C:\spark-4.0.0-bin-hadoop3\jars\arrow-vector-18.1.0.jar;C:\spark-4.0.0-bin-hadoop3\jars\audience-annotations-0.12.0.jar;C:\spark-4.0.0-bin-hadoop3\jars\avro-1.12.0.jar;C:\spark-4.0.0-bin-hadoop3\jars\avro-ipc-1.12.0.jar;C:\spark-4.0.0-bin-hadoop3\jars\avro-mapred-1.12.0.jar;C:\spark-4.0.0-bin-hadoop3\jars\bcprov-jdk18on-1.80.jar;C:\spark-4.0.0-bin-hadoop3\jars\blas-3.0.3.jar;C:\spark-4.0.0-bin-hadoop3\jars\breeze-macros_2.13-2.1.0.jar;C:\spark-4.0.0-bin-hadoop3\jars\breeze_2.13-2.1.0.jar;C:\spark-4.0.0-bin-hadoop3\jars\cats-kernel_2.13-2.8.0.jar;C:\spark-4.0.0-bin-hadoop3\jars\checker-qual-3.43.0.jar;C:\spark-4.0.0-bin-hadoop3\jars\chill-java-0.10.0.jar;C:\spark-4.0.0-bin-hadoop3\jars\chill_2.13-0.10.0.jar;C:\spark-4.0.0-bin-hadoop3\jars\commons-cli-1.9.0.jar;C:\spark-4.0.0-bin-hadoop3\jars\commons-codec-1.17.2.jar;C:\spark-4.0.0-bin-hadoop3\jars\commons-collections-3.2.2.jar;C:\spark-4.0.0-bin-hadoop3\jars\commons-collections4-4.4.jar;C:\spark-4.0.0-bin-hadoop3\jars\commons-compiler-3.1.9.jar;C:\spark-4.0.0-bin-hadoop3\jars\commons-compress-1.27.1.jar;C:\spark-4.0.0-bin-hadoop3\jars\commons-crypto-1.1.0.jar;C:\spark-4.0.0-bin-hadoop3\jars\commons-dbcp-1.4.jar;C:\spark-4.0.0-bin-hadoop3\jars\commons-io-2.18.0.jar;C:\spark-4.0.0-bin-hadoop3\jars\commons-lang-2.6.jar;C:\spark-4.0.0-bin-hadoop3\jars\commons-lang3-3.17.0.jar;C:\spark-4.0.0-bin-hadoop3\jars\commons-math3-3.6.1.jar;C:\spark-4.0.0-bin-hadoop3\jars\commons-pool-1.5.4.jar;C:\spark-4.0.0-bin-hadoop3\jars\commons-text-1.13.0.jar;C:\spark-4.0.0-bin-hadoop3\jars\compress-lzf-1.1.2.jar;C:\spark-4.0.0-bin-hadoop3\jars\curator-client-5.7.1.jar;C:\spark-4.0.0-bin-hadoop3\jars\curator-framework-5.7.1.jar;C:\spark-4.0.0-bin-hadoop3\jars\curator-recipes-5.7.1.jar;C:\spark-4.0.0-bin-hadoop3\jars\datanucleus-api-jdo-4.2.4.jar;C:\spark-4.0.0-bin-hadoop3\jars\datanucleus-core-4.1.17.jar;C:\spark-4.0.0-bin-hadoop3\jars\datanucleus-rdbms-4.1.19.jar;C:\spark-4.0.0-bin-hadoop3\jars\datasketches-java-6.1.1.jar;C:\spark-4.0.0-bin-hadoop3\jars\datasketches-memory-3.0.2.jar;C:\spark-4.0.0-bin-hadoop3\jars\derby-10.16.1.1.jar;C:\spark-4.0.0-bin-hadoop3\jars\derbyshared-10.16.1.1.jar;C:\spark-4.0.0-bin-hadoop3\jars\derbytools-10.16.1.1.jar;C:\spark-4.0.0-bin-hadoop3\jars\dropwizard-metrics-hadoop-metrics2-reporter-0.1.2.jar;C:\spark-4.0.0-bin-hadoop3\jars\error_prone_annotations-2.36.0.jar;C:\spark-4.0.0-bin-hadoop3\jars\failureaccess-1.0.2.jar;C:\spark-4.0.0-bin-hadoop3\jars\flatbuffers-java-24.3.25.jar;C:\spark-4.0.0-bin-hadoop3\jars\gson-2.11.0.jar;C:\spark-4.0.0-bin-hadoop3\jars\guava-33.4.0-jre.jar;C:\spark-4.0.0-bin-hadoop3\jars\hadoop-client-api-3.4.1.jar;C:\spark-4.0.0-bin-hadoop3\jars\hadoop-client-runtime-3.4.1.jar;C:\spark-4.0.0-bin-hadoop3\jars\HikariCP-2.5.1.jar;C:\spark-4.0.0-bin-hadoop3\jars\hive-beeline-2.3.10.jar;C:\spark-4.0.0-bin-hadoop3\jars\hive-cli-2.3.10.jar;C:\spark-4.0.0-bin-hadoop3\jars\hive-common-2.3.10.jar;C:\spark-4.0.0-bin-hadoop3\jars\hive-exec-2.3.10-core.jar;C:\spark-4.0.0-bin-hadoop3\jars\hive-jdbc-2.3.10.jar;C:\spark-4.0.0-bin-hadoop3\jars\hive-metastore-2.3.10.jar;C:\spark-4.0.0-bin-hadoop3\jars\hive-serde-2.3.10.jar;C:\spark-4.0.0-bin-hadoop3\jars\hive-service-rpc-4.0.0.jar;C:\spark-4.0.0-bin-hadoop3\jars\hive-shims-0.23-2.3.10.jar;C:\spark-4.0.0-bin-hadoop3\jars\hive-shims-2.3.10.jar;C:\spark-4.0.0-bin-hadoop3\jars\hive-shims-common-2.3.10.jar;C:\spark-4.0.0-bin-hadoop3\jars\hive-shims-scheduler-2.3.10.jar;C:\spark-4.0.0-bin-hadoop3\jars\hive-storage-api-2.8.1.jar;C:\spark-4.0.0-bin-hadoop3\jars\hk2-api-3.0.6.jar;C:\spark-4.0.0-bin-hadoop3\jars\hk2-locator-3.0.6.jar;C:\spark-4.0.0-bin-hadoop3\jars\hk2-utils-3.0.6.jar;C:\spark-4.0.0-bin-hadoop3\jars\httpclient-4.5.14.jar;C:\spark-4.0.0-bin-hadoop3\jars\httpcore-4.4.16.jar;C:\spark-4.0.0-bin-hadoop3\jars\icu4j-76.1.jar;C:\spark-4.0.0-bin-hadoop3\jars\istack-commons-runtime-4.1.2.jar;C:\spark-4.0.0-bin-hadoop3\jars\ivy-2.5.3.jar;C:\spark-4.0.0-bin-hadoop3\jars\j2objc-annotations-3.0.0.jar;C:\spark-4.0.0-bin-hadoop3\jars\jackson-annotations-2.18.2.jar;C:\spark-4.0.0-bin-hadoop3\jars\jackson-core-2.18.2.jar;C:\spark-4.0.0-bin-hadoop3\jars\jackson-databind-2.18.2.jar;C:\spark-4.0.0-bin-hadoop3\jars\jackson-dataformat-yaml-2.18.2.jar;C:\spark-4.0.0-bin-hadoop3\jars\jackson-datatype-jsr310-2.18.2.jar;C:\spark-4.0.0-bin-hadoop3\jars\jackson-module-scala_2.13-2.18.2.jar;C:\spark-4.0.0-bin-hadoop3\jars\jakarta.activation-api-2.1.3.jar;C:\spark-4.0.0-bin-hadoop3\jars\jakarta.annotation-api-2.1.1.jar;C:\spark-4.0.0-bin-hadoop3\jars\jakarta.inject-api-2.0.1.jar;C:\spark-4.0.0-bin-hadoop3\jars\jakarta.servlet-api-5.0.0.jar;C:\spark-4.0.0-bin-hadoop3\jars\jakarta.validation-api-3.0.2.jar;C:\spark-4.0.0-bin-hadoop3\jars\jakarta.ws.rs-api-3.0.0.jar;C:\spark-4.0.0-bin-hadoop3\jars\jakarta.xml.bind-api-4.0.2.jar;C:\spark-4.0.0-bin-hadoop3\jars\janino-3.1.9.jar;C:\spark-4.0.0-bin-hadoop3\jars\java-diff-utils-4.15.jar;C:\spark-4.0.0-bin-hadoop3\jars\javassist-3.30.2-GA.jar;C:\spark-4.0.0-bin-hadoop3\jars\javax.jdo-3.2.0-m3.jar;C:\spark-4.0.0-bin-hadoop3\jars\javax.servlet-api-4.0.1.jar;C:\spark-4.0.0-bin-hadoop3\jars\javolution-5.5.1.jar;C:\spark-4.0.0-bin-hadoop3\jars\jaxb-core-4.0.5.jar;C:\spark-4.0.0-bin-hadoop3\jars\jaxb-runtime-4.0.5.jar;C:\spark-4.0.0-bin-hadoop3\jars\jcl-over-slf4j-2.0.16.jar;C:\spark-4.0.0-bin-hadoop3\jars\jdo-api-3.0.1.jar;C:\spark-4.0.0-bin-hadoop3\jars\jersey-client-3.0.16.jar;C:\spark-4.0.0-bin-hadoop3\jars\jersey-common-3.0.16.jar;C:\spark-4.0.0-bin-hadoop3\jars\jersey-container-servlet-3.0.16.jar;C:\spark-4.0.0-bin-hadoop3\jars\jersey-container-servlet-core-3.0.16.jar;C:\spark-4.0.0-bin-hadoop3\jars\jersey-hk2-3.0.16.jar;C:\spark-4.0.0-bin-hadoop3\jars\jersey-server-3.0.16.jar;C:\spark-4.0.0-bin-hadoop3\jars\jjwt-api-0.12.6.jar;C:\spark-4.0.0-bin-hadoop3\jars\jjwt-impl-0.12.6.jar;C:\spark-4.0.0-bin-hadoop3\jars\jjwt-jackson-0.12.6.jar;C:\spark-4.0.0-bin-hadoop3\jars\JLargeArrays-1.5.jar;C:\spark-4.0.0-bin-hadoop3\jars\jline-2.14.6.jar;C:\spark-4.0.0-bin-hadoop3\jars\jline-3.27.1-jdk8.jar;C:\spark-4.0.0-bin-hadoop3\jars\joda-time-2.13.0.jar;C:\spark-4.0.0-bin-hadoop3\jars\jodd-core-3.5.2.jar;C:\spark-4.0.0-bin-hadoop3\jars\jpam-1.1.jar;C:\spark-4.0.0-bin-hadoop3\jars\json-1.8.jar;C:\spark-4.0.0-bin-hadoop3\jars\json4s-ast_2.13-4.0.7.jar;C:\spark-4.0.0-bin-hadoop3\jars\json4s-core_2.13-4.0.7.jar;C:\spark-4.0.0-bin-hadoop3\jars\json4s-jackson-core_2.13-4.0.7.jar;C:\spark-4.0.0-bin-hadoop3\jars\json4s-jackson_2.13-4.0.7.jar;C:\spark-4.0.0-bin-hadoop3\jars\json4s-scalap_2.13-4.0.7.jar;C:\spark-4.0.0-bin-hadoop3\jars\jsr305-3.0.0.jar;C:\spark-4.0.0-bin-hadoop3\jars\jta-1.1.jar;C:\spark-4.0.0-bin-hadoop3\jars\JTransforms-3.1.jar;C:\spark-4.0.0-bin-hadoop3\jars\jul-to-slf4j-2.0.16.jar;C:\spark-4.0.0-bin-hadoop3\jars\kryo-shaded-4.0.3.jar;C:\spark-4.0.0-bin-hadoop3\jars\kubernetes-client-7.1.0.jar;C:\spark-4.0.0-bin-hadoop3\jars\kubernetes-client-api-7.1.0.jar;C:\spark-4.0.0-bin-hadoop3\jars\kubernetes-httpclient-vertx-7.1.0.jar;C:\spark-4.0.0-bin-hadoop3\jars\kubernetes-model-admissionregistration-7.1.0.jar;C:\spark-4.0.0-bin-hadoop3\jars\kubernetes-model-apiextensions-7.1.0.jar;C:\spark-4.0.0-bin-hadoop3\jars\kubernetes-model-apps-7.1.0.jar;C:\spark-4.0.0-bin-hadoop3\jars\kubernetes-model-autoscaling-7.1.0.jar;C:\spark-4.0.0-bin-hadoop3\jars\kubernetes-model-batch-7.1.0.jar;C:\spark-4.0.0-bin-hadoop3\jars\kubernetes-model-certificates-7.1.0.jar;C:\spark-4.0.0-bin-hadoop3\jars\kubernetes-model-common-7.1.0.jar;C:\spark-4.0.0-bin-hadoop3\jars\kubernetes-model-coordination-7.1.0.jar;C:\spark-4.0.0-bin-hadoop3\jars\kubernetes-model-core-7.1.0.jar;C:\spark-4.0.0-bin-hadoop3\jars\kubernetes-model-discovery-7.1.0.jar;C:\spark-4.0.0-bin-hadoop3\jars\kubernetes-model-events-7.1.0.jar;C:\spark-4.0.0-bin-hadoop3\jars\kubernetes-model-extensions-7.1.0.jar;C:\spark-4.0.0-bin-hadoop3\jars\kubernetes-model-flowcontrol-7.1.0.jar;C:\spark-4.0.0-bin-hadoop3\jars\kubernetes-model-gatewayapi-7.1.0.jar;C:\spark-4.0.0-bin-hadoop3\jars\kubernetes-model-metrics-7.1.0.jar;C:\spark-4.0.0-bin-hadoop3\jars\kubernetes-model-networking-7.1.0.jar;C:\spark-4.0.0-bin-hadoop3\jars\kubernetes-model-node-7.1.0.jar;C:\spark-4.0.0-bin-hadoop3\jars\kubernetes-model-policy-7.1.0.jar;C:\spark-4.0.0-bin-hadoop3\jars\kubernetes-model-rbac-7.1.0.jar;C:\spark-4.0.0-bin-hadoop3\jars\kubernetes-model-resource-7.1.0.jar;C:\spark-4.0.0-bin-hadoop3\jars\kubernetes-model-scheduling-7.1.0.jar;C:\spark-4.0.0-bin-hadoop3\jars\kubernetes-model-storageclass-7.1.0.jar;C:\spark-4.0.0-bin-hadoop3\jars\lapack-3.0.3.jar;C:\spark-4.0.0-bin-hadoop3\jars\leveldbjni-all-1.8.jar;C:\spark-4.0.0-bin-hadoop3\jars\libfb303-0.9.3.jar;C:\spark-4.0.0-bin-hadoop3\jars\libthrift-0.16.0.jar;C:\spark-4.0.0-bin-hadoop3\jars\listenablefuture-9999.0-empty-to-avoid-conflict-with-guava.jar;C:\spark-4.0.0-bin-hadoop3\jars\log4j-1.2-api-2.24.3.jar;C:\spark-4.0.0-bin-hadoop3\jars\log4j-api-2.24.3.jar;C:\spark-4.0.0-bin-hadoop3\jars\log4j-core-2.24.3.jar;C:\spark-4.0.0-bin-hadoop3\jars\log4j-layout-template-json-2.24.3.jar;C:\spark-4.0.0-bin-hadoop3\jars\log4j-slf4j2-impl-2.24.3.jar;C:\spark-4.0.0-bin-hadoop3\jars\lz4-java-1.8.0.jar;C:\spark-4.0.0-bin-hadoop3\jars\metrics-core-4.2.30.jar;C:\spark-4.0.0-bin-hadoop3\jars\metrics-graphite-4.2.30.jar;C:\spark-4.0.0-bin-hadoop3\jars\metrics-jmx-4.2.30.jar;C:\spark-4.0.0-bin-hadoop3\jars\metrics-json-4.2.30.jar;C:\spark-4.0.0-bin-hadoop3\jars\metrics-jvm-4.2.30.jar;C:\spark-4.0.0-bin-hadoop3\jars\minlog-1.3.0.jar;C:\spark-4.0.0-bin-hadoop3\jars\netty-all-4.1.118.Final.jar;C:\spark-4.0.0-bin-hadoop3\jars\netty-buffer-4.1.118.Final.jar;C:\spark-4.0.0-bin-hadoop3\jars\netty-codec-4.1.118.Final.jar;C:\spark-4.0.0-bin-hadoop3\jars\netty-codec-dns-4.1.118.Final.jar;C:\spark-4.0.0-bin-hadoop3\jars\netty-codec-http-4.1.118.Final.jar;C:\spark-4.0.0-bin-hadoop3\jars\netty-codec-http2-4.1.118.Final.jar;C:\spark-4.0.0-bin-hadoop3\jars\netty-codec-socks-4.1.118.Final.jar;C:\spark-4.0.0-bin-hadoop3\jars\netty-common-4.1.118.Final.jar;C:\spark-4.0.0-bin-hadoop3\jars\netty-handler-4.1.118.Final.jar;C:\spark-4.0.0-bin-hadoop3\jars\netty-handler-proxy-4.1.118.Final.jar;C:\spark-4.0.0-bin-hadoop3\jars\netty-resolver-4.1.118.Final.jar;C:\spark-4.0.0-bin-hadoop3\jars\netty-resolver-dns-4.1.118.Final.jar;C:\spark-4.0.0-bin-hadoop3\jars\netty-tcnative-boringssl-static-2.0.70.Final-linux-aarch_64.jar;C:\spark-4.0.0-bin-hadoop3\jars\netty-tcnative-boringssl-static-2.0.70.Final-linux-x86_64.jar;C:\spark-4.0.0-bin-hadoop3\jars\netty-tcnative-boringssl-static-2.0.70.Final-osx-aarch_64.jar;C:\spark-4.0.0-bin-hadoop3\jars\netty-tcnative-boringssl-static-2.0.70.Final-osx-x86_64.jar;C:\spark-4.0.0-bin-hadoop3\jars\netty-tcnative-boringssl-static-2.0.70.Final-windows-x86_64.jar;C:\spark-4.0.0-bin-hadoop3\jars\netty-tcnative-classes-2.0.70.Final.jar;C:\spark-4.0.0-bin-hadoop3\jars\netty-transport-4.1.118.Final.jar;C:\spark-4.0.0-bin-hadoop3\jars\netty-transport-classes-epoll-4.1.118.Final.jar;C:\spark-4.0.0-bin-hadoop3\jars\netty-transport-classes-kqueue-4.1.118.Final.jar;C:\spark-4.0.0-bin-hadoop3\jars\netty-transport-native-epoll-4.1.118.Final-linux-aarch_64.jar;C:\spark-4.0.0-bin-hadoop3\jars\netty-transport-native-epoll-4.1.118.Final-linux-riscv64.jar;C:\spark-4.0.0-bin-hadoop3\jars\netty-transport-native-epoll-4.1.118.Final-linux-x86_64.jar;C:\spark-4.0.0-bin-hadoop3\jars\netty-transport-native-kqueue-4.1.118.Final-osx-aarch_64.jar;C:\spark-4.0.0-bin-hadoop3\jars\netty-transport-native-kqueue-4.1.118.Final-osx-x86_64.jar;C:\spark-4.0.0-bin-hadoop3\jars\netty-transport-native-unix-common-4.1.118.Final.jar;C:\spark-4.0.0-bin-hadoop3\jars\objenesis-3.3.jar;C:\spark-4.0.0-bin-hadoop3\jars\opencsv-2.3.jar;C:\spark-4.0.0-bin-hadoop3\jars\orc-core-2.1.2-shaded-protobuf.jar;C:\spark-4.0.0-bin-hadoop3\jars\orc-format-1.1.0-shaded-protobuf.jar;C:\spark-4.0.0-bin-hadoop3\jars\orc-mapreduce-2.1.2-shaded-protobuf.jar;C:\spark-4.0.0-bin-hadoop3\jars\orc-shims-2.1.2.jar;C:\spark-4.0.0-bin-hadoop3\jars\oro-2.0.8.jar;C:\spark-4.0.0-bin-hadoop3\jars\osgi-resource-locator-1.0.3.jar;C:\spark-4.0.0-bin-hadoop3\jars\paranamer-2.8.jar;C:\spark-4.0.0-bin-hadoop3\jars\parquet-column-1.15.2.jar;C:\spark-4.0.0-bin-hadoop3\jars\parquet-common-1.15.2.jar;C:\spark-4.0.0-bin-hadoop3\jars\parquet-encoding-1.15.2.jar;C:\spark-4.0.0-bin-hadoop3\jars\parquet-format-structures-1.15.2.jar;C:\spark-4.0.0-bin-hadoop3\jars\parquet-hadoop-1.15.2.jar;C:\spark-4.0.0-bin-hadoop3\jars\parquet-jackson-1.15.2.jar;C:\spark-4.0.0-bin-hadoop3\jars\pickle-1.5.jar;C:\spark-4.0.0-bin-hadoop3\jars\py4j-0.10.9.9.jar;C:\spark-4.0.0-bin-hadoop3\jars\RoaringBitmap-1.3.0.jar;C:\spark-4.0.0-bin-hadoop3\jars\rocksdbjni-9.8.4.jar;C:\spark-4.0.0-bin-hadoop3\jars\scala-collection-compat_2.13-2.7.0.jar;C:\spark-4.0.0-bin-hadoop3\jars\scala-compiler-2.13.16.jar;C:\spark-4.0.0-bin-hadoop3\jars\scala-library-2.13.16.jar;C:\spark-4.0.0-bin-hadoop3\jars\scala-parallel-collections_2.13-1.2.0.jar;C:\spark-4.0.0-bin-hadoop3\jars\scala-parser-combinators_2.13-2.4.0.jar;C:\spark-4.0.0-bin-hadoop3\jars\scala-reflect-2.13.16.jar;C:\spark-4.0.0-bin-hadoop3\jars\scala-xml_2.13-2.3.0.jar;C:\spark-4.0.0-bin-hadoop3\jars\slf4j-api-2.0.16.jar;C:\spark-4.0.0-bin-hadoop3\jars\snakeyaml-2.3.jar;C:\spark-4.0.0-bin-hadoop3\jars\snakeyaml-engine-2.9.jar;C:\spark-4.0.0-bin-hadoop3\jars\snappy-java-1.1.10.7.jar;C:\spark-4.0.0-bin-hadoop3\jars\spark-catalyst_2.13-4.0.0.jar;C:\spark-4.0.0-bin-hadoop3\jars\spark-common-utils_2.13-4.0.0.jar;C:\spark-4.0.0-bin-hadoop3\jars\spark-connect_2.13-4.0.0.jar;C:\spark-4.0.0-bin-hadoop3\jars\spark-core_2.13-4.0.0.jar;C:\spark-4.0.0-bin-hadoop3\jars\spark-graphx_2.13-4.0.0.jar;C:\spark-4.0.0-bin-hadoop3\jars\spark-hive-thriftserver_2.13-4.0.0.jar;C:\spark-4.0.0-bin-hadoop3\jars\spark-hive_2.13-4.0.0.jar;C:\spark-4.0.0-bin-hadoop3\jars\spark-kubernetes_2.13-4.0.0.jar;C:\spark-4.0.0-bin-hadoop3\jars\spark-kvstore_2.13-4.0.0.jar;C:\spark-4.0.0-bin-hadoop3\jars\spark-launcher_2.13-4.0.0.jar;C:\spark-4.0.0-bin-hadoop3\jars\spark-mllib-local_2.13-4.0.0.jar;C:\spark-4.0.0-bin-hadoop3\jars\spark-mllib_2.13-4.0.0.jar;C:\spark-4.0.0-bin-hadoop3\jars\spark-network-common_2.13-4.0.0.jar;C:\spark-4.0.0-bin-hadoop3\jars\spark-network-shuffle_2.13-4.0.0.jar;C:\spark-4.0.0-bin-hadoop3\jars\spark-repl_2.13-4.0.0.jar;C:\spark-4.0.0-bin-hadoop3\jars\spark-sketch_2.13-4.0.0.jar;C:\spark-4.0.0-bin-hadoop3\jars\spark-sql-api_2.13-4.0.0.jar;C:\spark-4.0.0-bin-hadoop3\jars\spark-sql_2.13-4.0.0.jar;C:\spark-4.0.0-bin-hadoop3\jars\spark-streaming_2.13-4.0.0.jar;C:\spark-4.0.0-bin-hadoop3\jars\spark-tags_2.13-4.0.0.jar;C:\spark-4.0.0-bin-hadoop3\jars\spark-unsafe_2.13-4.0.0.jar;C:\spark-4.0.0-bin-hadoop3\jars\spark-variant_2.13-4.0.0.jar;C:\spark-4.0.0-bin-hadoop3\jars\spark-yarn_2.13-4.0.0.jar;C:\spark-4.0.0-bin-hadoop3\jars\spire-macros_2.13-0.18.0.jar;C:\spark-4.0.0-bin-hadoop3\jars\spire-platform_2.13-0.18.0.jar;C:\spark-4.0.0-bin-hadoop3\jars\spire-util_2.13-0.18.0.jar;C:\spark-4.0.0-bin-hadoop3\jars\spire_2.13-0.18.0.jar;C:\spark-4.0.0-bin-hadoop3\jars\ST4-4.0.4.jar;C:\spark-4.0.0-bin-hadoop3\jars\stax-api-1.0.1.jar;C:\spark-4.0.0-bin-hadoop3\jars\stream-2.9.8.jar;C:\spark-4.0.0-bin-hadoop3\jars\super-csv-2.2.0.jar;C:\spark-4.0.0-bin-hadoop3\jars\threeten-extra-1.8.0.jar;C:\spark-4.0.0-bin-hadoop3\jars\tink-1.16.0.jar;C:\spark-4.0.0-bin-hadoop3\jars\transaction-api-1.1.jar;C:\spark-4.0.0-bin-hadoop3\jars\univocity-parsers-2.9.1.jar;C:\spark-4.0.0-bin-hadoop3\jars\vertx-auth-common-4.5.12.jar;C:\spark-4.0.0-bin-hadoop3\jars\vertx-core-4.5.12.jar;C:\spark-4.0.0-bin-hadoop3\jars\vertx-web-client-4.5.12.jar;C:\spark-4.0.0-bin-hadoop3\jars\vertx-web-common-4.5.12.jar;C:\spark-4.0.0-bin-hadoop3\jars\xbean-asm9-shaded-4.26.jar;C:\spark-4.0.0-bin-hadoop3\jars\xmlschema-core-2.3.1.jar;C:\spark-4.0.0-bin-hadoop3\jars\xz-1.10.jar;C:\spark-4.0.0-bin-hadoop3\jars\zjsonpatch-7.1.0.jar;C:\spark-4.0.0-bin-hadoop3\jars\zookeeper-3.9.3.jar;C:\spark-4.0.0-bin-hadoop3\jars\zookeeper-jute-3.9.3.jar;C:\spark-4.0.0-bin-hadoop3\jars\zstd-jni-1.5.6-9.jar
Launcher Type: SUN_STANDARD

[Global flags]
     intx CICompilerCount                          = 12                                        {product} {ergonomic}
     uint ConcGCThreads                            = 3                                         {product} {ergonomic}
     uint G1ConcRefinementThreads                  = 13                                        {product} {ergonomic}
   size_t G1HeapRegionSize                         = 8388608                                   {product} {ergonomic}
    uintx GCDrainStackTargetSize                   = 64                                        {product} {ergonomic}
     bool IgnoreUnrecognizedVMOptions              = true                                      {product} {command line}
   size_t InitialHeapSize                          = 260046848                                 {product} {ergonomic}
   size_t MarkStackSize                            = 4194304                                   {product} {ergonomic}
   size_t MaxHeapSize                              = 12884901888                               {product} {command line}
   size_t MaxNewSize                               = 7725907968                                {product} {ergonomic}
   size_t MinHeapDeltaBytes                        = 8388608                                   {product} {ergonomic}
   size_t MinHeapSize                              = 8388608                                   {product} {ergonomic}
    uintx NonNMethodCodeHeapSize                   = 7602480                                {pd product} {ergonomic}
    uintx NonProfiledCodeHeapSize                  = 122027880                              {pd product} {ergonomic}
    uintx ProfiledCodeHeapSize                     = 122027880                              {pd product} {ergonomic}
    uintx ReservedCodeCacheSize                    = 251658240                              {pd product} {ergonomic}
     bool SegmentedCodeCache                       = true                                      {product} {ergonomic}
   size_t SoftMaxHeapSize                          = 12884901888                            {manageable} {ergonomic}
     bool UseCompressedOops                        = true                           {product lp64_product} {ergonomic}
     bool UseG1GC                                  = true                                      {product} {ergonomic}
     bool UseLargePagesIndividualAllocation        = false                                  {pd product} {ergonomic}

Logging:
Log output configuration:
 #0: stdout all=warning uptime,level,tags foldmultilines=false
 #1: stderr all=off uptime,level,tags foldmultilines=false

Release file:
IMPLEMENTOR="Azul Systems, Inc." 
IMPLEMENTOR_VERSION="Zulu21.46+19-CA" 
JAVA_RUNTIME_VERSION="21.0.9+10-LTS" 
JAVA_VERSION="21.0.9" 
JAVA_VERSION_DATE="2025-10-21" 
LIBC="default" 
MODULES="java.base com.azul.tooling java.logging java.management java.security.sasl java.naming jdk.jfr com.azul.crs.client java.compiler java.datatransfer java.xml java.prefs java.desktop java.instrument java.rmi java.management.rmi java.net.http java.scripting java.security.jgss java.transaction.xa java.sql java.sql.rowset java.xml.crypto java.se java.smartcardio jdk.accessibility jdk.internal.jvmstat jdk.attach jdk.charsets jdk.internal.opt jdk.zipfs jdk.compiler jdk.crypto.ec jdk.crypto.cryptoki jdk.crypto.mscapi jdk.dynalink jdk.internal.ed jdk.editpad jdk.hotspot.agent jdk.httpserver jdk.incubator.vector jdk.internal.le jdk.internal.vm.ci jdk.internal.vm.compiler jdk.internal.vm.compiler.management jdk.jartool jdk.javadoc jdk.jcmd jdk.management jdk.management.agent jdk.jconsole jdk.jdeps jdk.jdwp.agent jdk.jdi jdk.jlink jdk.jpackage jdk.jshell jdk.jsobject jdk.jstatd jdk.localedata jdk.management.jfr jdk.naming.dns jdk.naming.rmi jdk.net jdk.nio.mapmode jdk.random jdk.sctp jdk.security.auth jdk.security.jgss jdk.unsupported jdk.unsupported.desktop jdk.xml.dom" 
OS_ARCH="x86_64" 
OS_NAME="Windows" 
SOURCE=".:git:98fc10faac11+" 

Environment Variables:
JAVA_HOME=C:\Users\ASUS\anaconda3\envs\spark\Library\lib\jvm
PATH=c:\Users\ASUS\anaconda3\envs\spark;C:\Users\ASUS\anaconda3\envs\spark;C:\Users\ASUS\anaconda3\envs\spark\Library\mingw-w64\bin;C:\Users\ASUS\anaconda3\envs\spark\Library\usr\bin;C:\Users\ASUS\anaconda3\envs\spark\Library\bin;C:\Users\ASUS\anaconda3\envs\spark\Scripts;C:\Users\ASUS\anaconda3\envs\spark\bin;C:\Users\ASUS\anaconda3\condabin;C:\Program Files\Common Files\Oracle\Java\javapath;C:\Program Files (x86)\Common Files\Oracle\Java\java8path;C:\Program Files (x86)\Common Files\Oracle\Java\javapath;C:\Python313\Scripts;C:\Python313;C:\Program Files\Eclipse Adoptium\jdk-18.0.2.101-hotspot\bin;C:\Program Files (x86)\Common Files\Intel\Shared Libraries\redist\intel64\compiler;C:\WINDOWS\system32;C:\WINDOWS;C:\WINDOWS\System32\Wbem;C:\WINDOWS\System32\WindowsPowerShell\v1.0;C:\WINDOWS\System32\OpenSSH;C:\Program Files\Git\cmd;C:\ProgramData\chocolatey\bin;C:\xampp\php;C:\ProgramData\ComposerSetup\bin;C:\Users\ASUS\AppData\Local\nvm;C:\nvm4w\nodejs;C:\Program Files\Docker\Docker\resources\bin;C:\Program Files (x86)\Bitvise SSH Client;C:\laragon\bin;C:\laragon\bin\apache\httpd-2.4.54-win64-VS16\bin;C:\laragon\bin\composer;C:\laragon\bin\git\bin;C:\laragon\bin\git\cmd;C:\laragon\bin\git\mingw64\bin;C:\laragon\bin\git\usr\bin;C:\laragon\bin\laragon\utils;C:\laragon\bin\mysql\mysql-8.0.30-winx64\bin;C:\laragon\bin\nginx\nginx-1.22.0;C:\laragon\bin\ngrok;C:\laragon\bin\notepad++;C:\laragon\bin\php\php-8.2.27-nts-Win32-vs16-x64;C:\laragon\bin\python\python-3.13;C:\laragon\bin\python\python-3.13\Scripts;C:\laragon\bin\redis\redis-x64-5.0.14.1;C:\laragon\bin\telnet;C:\laragon\usr\bin;C:\Users\ASUS\AppData\Local\Yarn\config\global\node_modules\.bin;C:\Users\ASUS\AppData\Roaming\Composer\vendor\bin;C:\Users\ASUS\AppData\Roaming\npm;C:\Users\ASUS\AppData\Local\Microsoft\WindowsApps;C:\Program Files\JetBrains\IntelliJ IDEA Community Edition 2023.2\bin;C:\Users\ASUS\AppData\Local\Programs\Microsoft VS Code\bin;C:\ProgramData\ASUS\GitHubDesktop\bin;C:\Users\ASUS\AppData\Local\nvm;C:\nvm4w\nodejs;C:\spark-4.0.0-bin-hadoop3\bin;C:\Users\ASUS\anaconda3\envs\spark\Library\bin;C:\spark-4.0.0-bin-hadoop3\bin;.
USERNAME=ASUS
TERM=xterm-color
OS=Windows_NT
PROCESSOR_IDENTIFIER=AMD64 Family 25 Model 80 Stepping 0, AuthenticAMD
TMP=C:\Users\ASUS\AppData\Local\Temp
TEMP=C:\Users\ASUS\AppData\Local\Temp




Periodic native trim disabled

---------------  S Y S T E M  ---------------

OS:
 Windows 11 , 64 bit Build 26100 (10.0.26100.7019)
OS uptime: 3 days 13:48 hours
Hyper-V role detected

CPU: total 16 (initial active 16) (16 cores per cpu, 2 threads per core) family 25 model 80 stepping 0 microcode 0xa50000c, cx8, cmov, fxsr, ht, mmx, 3dnowpref, sse, sse2, sse3, ssse3, sse4a, sse4.1, sse4.2, popcnt, lzcnt, tsc, tscinvbit, avx, avx2, aes, erms, clmul, bmi1, bmi2, adx, sha, fma, vzeroupper, clflush, clflushopt, hv, rdtscp, rdpid, fsrm, f16c, cet_ss
Processor Information for processor 0
  Max Mhz: 3201, Current Mhz: 1990, Mhz Limit: 3201
Processor Information for processor 1
  Max Mhz: 3201, Current Mhz: 1990, Mhz Limit: 3201
Processor Information for processor 2
  Max Mhz: 3201, Current Mhz: 1990, Mhz Limit: 3201
Processor Information for processor 3
  Max Mhz: 3201, Current Mhz: 1990, Mhz Limit: 3201
Processor Information for processor 4
  Max Mhz: 3201, Current Mhz: 1990, Mhz Limit: 3201
Processor Information for processor 5
  Max Mhz: 3201, Current Mhz: 1990, Mhz Limit: 3201
Processor Information for processor 6
  Max Mhz: 3201, Current Mhz: 1990, Mhz Limit: 3201
Processor Information for processor 7
  Max Mhz: 3201, Current Mhz: 1990, Mhz Limit: 3201
Processor Information for processor 8
  Max Mhz: 3201, Current Mhz: 1990, Mhz Limit: 3201
Processor Information for processor 9
  Max Mhz: 3201, Current Mhz: 1990, Mhz Limit: 3201
Processor Information for processor 10
  Max Mhz: 3201, Current Mhz: 3201, Mhz Limit: 3201
Processor Information for processor 11
  Max Mhz: 3201, Current Mhz: 1990, Mhz Limit: 3201
Processor Information for processor 12
  Max Mhz: 3201, Current Mhz: 1990, Mhz Limit: 3201
Processor Information for processor 13
  Max Mhz: 3201, Current Mhz: 1990, Mhz Limit: 3201
Processor Information for processor 14
  Max Mhz: 3201, Current Mhz: 1990, Mhz Limit: 3201
Processor Information for processor 15
  Max Mhz: 3201, Current Mhz: 3201, Mhz Limit: 3201

Memory: 4k page, system-wide physical 15775M (1028M free)
TotalPageFile size 38892M (AvailPageFile size 2473M)
current process WorkingSet (physical memory assigned to process): 3316M, peak: 3506M
current process commit charge ("private bytes"): 5212M, peak: 7812M

vm_info: OpenJDK 64-Bit Server VM (21.0.9+10-LTS) for windows-amd64 JRE (21.0.9+10-LTS) (Zulu21.46+19-CA), built on 2025-10-04T09:48:30Z by "zulu_re" with MS VC++ 17.1 (VS2022)

END.
